"Observations","Food_Quality","Beverages","Location","innovation","Quality_of_Service","Menu_Design","Prioritize_Hygiene","Interior_design","Reasonable_Pricing","Restaurant_Technology","Brands","Staff_behavior","avg_order_size","avg_order_freq","Health","Finc","Sales","Advt","Edu","Cons","Eng","Tech","Retail","SMB","FB_Insta","Twit","Snap","YouTube","Pod_radio","TV","NewsP","Age","Gender","Education","Income","zip_code","segment"
1,3,3,5,2,4,4,3,3,3,2,1,3,23.4,2.222222222,0,0,0,1,0,0,0,0,0,0,1,0,0,0,0,1,0,38,1,1,2,21230,2
2,5,6,2,6,2,4,6,6,2,5,1,3,34.26037736,6.625,1,0,0,0,0,0,0,0,0,0,1,1,1,1,1,0,1,38,0,2,3,22301,3
3,7,7,3,4,2,4,4,4,1,6,4,4,43.57564103,4.875,1,0,0,0,0,0,0,0,0,0,1,1,0,1,1,1,1,42,0,1,3,19002,3
4,4,7,4,5,3,3,4,5,1,5,4,4,26.31666667,0.9,1,0,0,0,0,0,0,0,0,0,1,1,1,1,1,0,1,35,0,2,5,22304,3
5,7,7,2,4,2,4,2,6,1,3,3,2,8.269230769,1.083333333,1,0,0,0,0,0,0,0,0,0,1,1,1,1,1,1,1,36,0,1,3,20124,3
6,3,2,6,1,5,4,3,2,4,2,4,4,21.5,0.222222222,0,0,1,0,0,0,0,0,0,0,1,1,0,1,1,1,0,47,1,2,2,22033,2
7,7,7,2,7,2,4,3,6,1,3,3,1,35.5,0.1,1,0,0,0,0,0,0,0,0,0,1,1,0,1,1,1,1,36,1,1,5,8757,3
8,5,7,3,5,2,4,6,5,3,2,5,2,20.86,0.833333333,1,0,0,0,0,0,0,0,0,0,1,1,1,1,1,1,1,41,0,1,3,8109,3
9,3,6,4,5,3,5,6,3,3,5,3,3,74.5,0.1,0,0,0,0,0,0,0,0,1,0,1,1,0,1,1,1,0,46,0,1,2,21122,3
10,5,5,7,6,5,4,6,3,4,5,6,5,18.375,0.5,0,0,0,0,0,0,0,1,0,0,1,0,1,1,0,1,1,28,0,1,3,21208,1
11,5,6,7,5,4,5,6,3,1,7,6,6,69,0.2,1,0,0,0,0,0,0,0,0,0,1,0,0,1,0,1,1,30,1,1,3,21044,1
12,4,7,4,1,5,7,6,4,3,7,4,6,36.33333333,0.6,1,0,0,0,0,0,0,0,0,0,1,1,1,0,1,1,1,32,1,2,4,22153,1
13,7,7,1,7,2,3,4,4,1,4,3,2,26.0725,1.818181818,1,0,0,0,0,0,0,0,0,0,1,1,0,1,1,0,1,40,0,2,3,21158,3
14,7,7,2,5,1,3,3,5,1,3,6,2,38.27469136,3.52173913,0,0,0,0,0,0,0,0,0,1,1,0,1,0,1,1,1,37,0,2,3,20782,3
15,5,4,4,2,5,7,3,5,3,6,5,7,23.6,2.5,1,0,0,0,0,0,0,0,0,0,1,0,0,0,1,1,0,25,1,1,2,21061,1
16,3,6,6,3,3,4,6,4,2,3,3,3,24.75,0.181818182,0,0,0,0,0,0,1,0,0,0,1,1,0,0,0,1,0,47,0,2,3,19114,2
17,7,7,1,6,2,4,3,6,1,4,4,3,6,0.222222222,0,1,0,0,0,0,0,0,0,0,1,1,0,0,1,1,1,45,1,2,3,19053,3
18,4,5,5,4,2,1,5,1,1,2,6,1,64,0.111111111,0,0,0,1,0,0,0,0,0,0,1,0,0,1,0,1,1,32,0,1,1,22901,2
19,4,4,4,3,4,6,4,6,2,5,4,6,18.375,0.266666667,1,0,0,0,0,0,0,0,0,0,1,0,1,0,0,1,0,30,0,1,2,8873,1
20,4,4,7,5,6,5,4,1,2,2,6,4,26.45892857,1.555555556,0,0,0,1,0,0,0,0,0,0,1,1,0,1,1,0,1,32,0,1,1,19130,2
21,6,7,7,5,5,7,6,4,4,6,4,6,4.666666667,0.136363636,1,0,0,0,0,0,0,0,0,0,1,0,0,0,0,1,1,33,1,1,5,20015,1
22,3,3,3,3,4,2,6,2,3,5,3,5,18,0.4,1,0,0,0,0,0,0,0,0,0,1,1,0,1,1,1,0,41,0,1,1,20005,2
23,4,5,5,2,5,4,6,2,4,5,4,5,25.8,0.65,0,1,0,0,0,0,0,0,0,0,1,1,0,1,0,1,0,45,1,1,1,22601,1
24,4,7,2,7,3,4,6,4,1,3,3,2,32.54299363,9.8125,0,0,0,1,0,0,0,0,0,0,1,1,1,1,1,0,1,37,1,2,3,22182,3
25,4,1,6,3,4,4,5,3,4,2,6,4,9.983333333,0.15,0,0,0,0,0,0,0,0,1,0,0,0,0,1,0,1,0,41,1,1,2,22151,2
26,4,1,1,6,4,7,2,5,3,5,5,6,37.44078014,6.409090909,1,0,0,0,0,0,0,0,0,0,0,1,1,1,1,0,1,26,1,2,4,19002,1
27,3,6,3,4,3,5,6,3,3,3,3,4,37.42142857,0.913043478,0,1,0,0,0,0,0,0,0,0,1,1,0,1,1,1,1,45,1,2,3,21036,3
28,7,7,2,7,2,5,5,7,1,3,5,1,40.26333333,1.666666667,0,1,0,0,0,0,0,0,0,0,1,0,0,1,1,1,1,39,0,2,5,21403,3
29,4,7,3,7,3,4,6,4,1,5,6,3,23.62745098,2.684210526,0,1,0,0,0,0,0,0,0,0,1,1,0,0,1,1,1,43,0,1,3,21212,3
30,4,6,7,4,3,5,4,4,1,6,4,6,30.14571429,1.590909091,1,0,0,0,0,0,0,0,0,0,1,1,0,0,1,1,1,34,1,1,4,8361,1
31,3,4,4,4,3,4,4,3,1,3,6,3,29.38888889,0.529411765,0,0,0,0,0,0,0,0,1,0,0,0,0,1,0,1,0,42,1,1,2,21029,2
32,6,3,7,7,4,6,6,4,1,7,6,5,50.59666667,0.789473684,1,0,0,0,0,0,0,0,0,0,1,1,0,0,1,0,1,34,1,2,4,22310,1
33,3,6,4,5,3,4,7,4,1,6,4,4,14.93,2.5,1,0,0,0,0,0,0,0,0,0,1,1,0,0,1,0,1,31,1,2,5,20814,3
34,4,2,4,5,3,5,2,4,3,5,4,6,35.49583333,1.714285714,1,0,0,0,0,0,0,0,0,0,1,1,1,1,1,1,1,27,0,2,3,19087,1
35,4,6,7,3,5,4,3,3,4,5,4,6,24.33333333,3,0,0,0,1,0,0,0,0,0,0,1,0,0,1,0,1,1,35,0,1,1,21030,1
36,5,4,6,4,5,4,1,4,5,4,3,5,16.33333333,0.375,0,0,0,0,0,0,1,0,0,0,1,0,0,1,0,1,0,40,1,2,4,19130,2
37,7,6,2,7,3,3,5,4,3,2,6,2,31.20454546,0.55,0,1,0,0,0,0,0,0,0,0,1,1,1,1,1,1,1,44,0,1,5,8081,3
38,4,6,7,7,5,6,4,3,3,6,3,6,41.26333333,1.875,1,0,0,0,0,0,0,0,0,0,1,0,0,0,0,1,0,25,0,2,2,22043,1
39,5,6,3,7,2,4,3,7,2,5,4,3,31.87424242,1.833333333,0,1,0,0,0,0,0,0,0,0,1,1,0,1,1,0,1,35,1,1,3,22315,3
40,1,4,3,5,3,3,5,4,3,2,3,1,31.03157895,0.95,0,0,0,1,0,0,0,0,0,0,1,0,0,1,1,1,0,40,1,2,2,22209,3
41,4,7,3,7,2,4,5,6,1,5,3,3,35.30857143,2.058823529,0,1,0,0,0,0,0,0,0,0,1,1,0,1,1,1,1,36,0,1,4,8332,3
42,2,3,4,2,3,2,3,1,4,2,6,3,35.55,2.272727273,0,0,0,0,0,0,0,1,0,0,1,1,0,1,1,0,1,32,1,1,3,20814,2
43,5,6,4,7,3,5,3,3,1,6,4,5,75,0.25,1,0,0,0,0,0,0,0,0,0,1,0,1,0,1,0,1,34,1,2,3,20904,1
44,7,7,3,5,2,4,4,4,1,6,6,4,16.71307692,0.52,0,1,0,0,0,0,0,0,0,0,1,1,0,1,1,1,1,40,1,1,3,22003,3
45,4,7,3,7,5,5,5,4,1,7,5,3,18,0.333333333,1,0,0,0,0,0,0,0,0,0,1,0,0,0,1,0,1,35,1,2,5,19128,3
46,5,5,6,5,3,3,4,3,6,4,4,4,28.78703704,1.173913044,0,0,0,1,0,0,0,0,0,0,1,0,0,0,0,1,0,34,1,1,3,22205,2
47,5,5,4,5,7,6,4,2,1,5,3,5,19.375,0.444444444,0,0,0,1,0,0,0,0,0,0,1,1,1,1,1,1,1,33,1,1,3,22601,1
48,6,7,4,7,3,4,5,5,2,6,4,4,27.86442308,4,0,1,0,0,0,0,0,0,0,0,1,1,1,1,1,0,1,43,0,1,4,19038,3
49,3,1,4,1,7,2,3,1,5,2,4,3,46.14444444,2.52,0,0,0,0,0,0,0,0,1,0,1,0,0,1,1,1,0,41,1,1,3,20132,2
50,3,5,5,4,1,3,6,2,3,5,3,5,33.475,1.25,0,0,0,0,0,0,0,1,0,0,1,1,0,1,1,0,1,36,1,1,1,23233,1
51,7,6,3,7,1,4,4,5,1,5,5,2,24.58333333,0.75,0,1,0,0,0,0,0,0,0,0,0,0,0,0,1,1,1,38,0,2,5,22315,3
52,5,5,7,5,5,5,6,3,4,6,4,5,11.48333333,0.136363636,0,0,0,1,0,0,0,0,0,0,1,0,1,1,0,1,1,25,0,1,2,20723,1
53,4,5,4,7,6,7,3,6,3,5,3,6,7.999583333,2.666666667,1,0,0,0,0,0,0,0,0,0,1,0,1,1,0,1,1,24,1,2,2,22066,1
54,4,7,1,5,2,3,6,4,1,1,4,1,32.45,1,0,1,0,0,0,0,0,0,0,0,1,1,1,1,1,0,1,40,1,2,3,22207,3
55,2,6,3,3,7,5,6,3,2,6,7,3,36.703125,1.28,0,0,0,0,0,0,0,0,1,0,0,0,0,1,0,1,0,42,1,1,2,21090,1
56,6,6,4,5,7,5,6,3,1,6,6,4,109.99,0.416666667,0,1,0,0,0,0,0,0,0,0,1,1,1,1,1,1,1,34,1,2,2,20136,1
57,5,6,7,1,4,4,6,4,1,7,6,5,32.16666667,0.666666667,1,0,0,0,0,0,0,0,0,0,1,0,1,0,1,0,1,31,1,2,4,22302,1
58,4,7,4,7,4,4,5,4,1,6,6,4,19,0.25,1,0,0,0,0,0,0,0,0,0,1,0,0,0,1,0,0,32,1,2,5,19053,3
59,6,7,6,2,4,6,6,4,1,7,3,5,14.81818182,0.6875,1,0,0,0,0,0,0,0,0,0,1,0,1,0,0,0,0,29,1,2,5,8873,1
60,3,3,4,4,3,4,5,4,4,2,5,3,35.16666667,0.571428571,0,0,1,0,0,0,0,0,0,0,1,1,0,1,1,0,1,41,1,1,4,22003,2
61,6,4,7,2,5,4,6,3,5,5,4,5,37.29631579,14.61538462,0,0,0,1,0,0,0,0,0,0,1,1,0,0,1,1,1,29,1,1,2,20854,1
62,6,7,1,6,1,3,6,6,3,2,3,1,49.5,1,0,1,0,0,0,0,0,0,0,0,1,1,0,1,1,1,1,42,1,2,3,21122,3
63,6,6,4,6,3,4,6,4,3,4,3,4,38.13,1.5,0,1,0,0,0,0,0,0,0,0,1,1,1,1,1,0,1,39,0,1,4,22182,3
64,3,3,5,5,4,3,4,2,4,3,4,4,34.12090164,4.518518519,0,0,0,0,1,0,0,0,0,0,1,1,1,1,1,0,1,36,1,1,3,21122,2
65,4,4,6,3,5,4,6,3,4,3,7,4,18.58333333,0.75,0,0,0,0,0,0,0,1,0,0,0,0,0,1,0,1,0,34,1,1,3,20910,2
66,5,7,7,7,4,6,5,4,1,6,4,5,36.66666667,0.125,1,0,0,0,0,0,0,0,0,0,1,0,0,0,1,0,0,35,1,2,4,22554,1
67,6,6,7,3,6,4,6,3,4,6,3,5,34.8625,0.695652174,0,0,0,1,0,0,0,0,0,0,1,1,0,0,1,1,1,30,1,1,4,8057,1
68,4,5,5,4,4,3,6,2,4,4,4,3,29.95,0.153846154,0,0,0,0,0,0,1,0,0,0,0,0,0,1,0,1,0,40,1,2,3,21229,2
69,2,3,5,5,4,4,5,3,4,1,3,2,54,0.153846154,0,0,0,0,0,1,0,0,0,0,1,0,1,1,0,1,0,41,1,1,1,22015,2
70,7,7,3,4,2,5,5,7,2,5,3,3,124.25,0.181818182,0,1,0,0,0,0,0,0,0,0,1,0,0,1,1,1,1,42,1,1,3,20118,3
71,4,2,4,1,3,4,2,5,6,3,4,4,31.32954546,0.956521739,1,0,0,0,0,0,0,0,0,0,1,1,1,1,1,1,0,41,1,2,3,8055,2
72,3,6,5,5,4,2,5,1,3,4,7,4,26.02916667,2.4,0,0,0,0,0,0,0,1,0,0,1,1,1,1,1,0,1,35,1,1,1,22124,2
73,7,7,6,5,4,5,5,4,2,7,3,5,25.94736842,2.375,1,0,0,0,0,0,0,0,0,0,1,0,1,0,1,0,1,34,1,1,5,8648,1
74,3,7,7,5,5,5,1,4,5,6,4,6,31.59098361,3.210526316,0,0,0,0,0,0,0,1,0,0,1,0,1,1,0,1,1,35,1,1,4,22182,1
75,4,7,4,4,3,3,4,5,1,5,5,4,27.5494382,5.5625,0,1,0,0,0,0,0,0,0,0,1,1,1,1,1,1,1,40,0,1,3,7728,3
76,5,5,6,5,5,3,4,2,4,5,6,4,29.89210526,3.166666667,0,0,0,1,0,0,0,0,0,0,1,1,0,0,0,1,0,27,1,1,3,21158,1
77,5,6,6,7,4,6,2,3,4,6,3,6,26.71428571,4.307692308,1,0,0,0,0,0,0,0,0,0,0,1,1,0,0,1,0,25,1,2,3,22903,1
78,4,4,5,3,4,4,1,4,5,3,3,3,29.07222222,1.35,0,0,0,0,1,0,0,0,0,0,1,1,0,1,1,0,1,37,1,1,3,19010,2
79,3,4,5,5,4,4,5,3,3,2,4,2,24.64285714,2.333333333,0,0,0,0,0,1,0,0,0,0,1,0,0,1,0,1,0,40,1,1,4,20855,2
80,3,5,4,5,5,6,2,4,2,5,6,7,31.89962406,6.333333333,1,0,0,0,0,0,0,0,0,0,1,1,1,0,1,1,1,24,1,2,3,8406,1
81,4,4,4,4,5,6,3,5,4,6,5,7,23.58333333,1,1,0,0,0,0,0,0,0,0,0,1,0,1,1,1,1,1,25,1,2,4,21228,1
82,5,3,6,2,5,3,4,2,6,5,5,5,16.5,0.6,0,0,0,1,0,0,0,0,0,0,1,1,0,0,0,1,0,25,1,1,3,22191,2
83,5,5,5,5,4,3,5,3,5,4,7,4,6.475,0.285714286,0,0,1,0,0,0,0,0,0,0,1,1,1,1,1,1,1,33,1,1,4,21228,2
84,3,7,7,6,5,7,7,4,2,7,4,5,24.79722222,4.235294118,1,0,0,0,0,0,0,0,0,0,1,0,0,1,1,0,1,27,1,1,4,20151,1
85,4,4,6,4,5,4,2,1,3,4,4,4,25.13181818,1.269230769,0,0,0,0,0,0,0,1,0,0,1,0,0,1,0,1,0,35,1,1,4,22101,2
86,7,6,3,6,2,3,4,4,1,5,3,3,5,0.6,0,1,0,0,0,0,0,0,0,0,1,1,0,1,1,1,1,40,1,1,4,22205,3
87,4,5,4,4,3,2,6,2,5,3,4,2,9.375,0.571428571,0,0,0,0,0,1,0,0,0,0,1,1,0,1,1,1,0,44,1,1,1,21228,2
88,3,4,1,3,4,5,3,1,2,4,4,4,36.02892157,4.25,0,1,0,0,0,0,0,0,0,0,1,1,0,1,1,1,1,43,1,1,1,20002,2
89,1,3,6,3,3,1,3,4,4,1,5,1,9.875,0.4,0,0,0,1,0,0,0,0,0,0,1,1,0,1,1,1,1,37,1,1,1,21030,2
90,3,6,3,7,4,7,6,4,2,7,7,5,42.33333333,0.096774194,1,0,0,0,0,0,0,0,0,0,1,0,1,1,1,0,1,35,1,1,4,21401,1
91,5,6,3,6,3,7,6,4,4,7,3,5,36.4,0.25,1,0,0,0,0,0,0,0,0,0,1,0,0,1,1,1,1,34,1,1,3,21076,1
92,4,3,4,2,4,2,6,1,4,4,5,4,64,0.625,0,1,0,0,0,0,0,0,0,0,1,0,0,1,1,1,0,39,1,1,3,20175,2
93,1,4,5,4,3,5,3,4,5,7,6,5,49.5,0.153846154,0,0,0,0,0,0,0,0,0,0,1,0,0,1,0,1,0,39,1,1,4,19020,1
94,4,6,4,7,2,2,5,4,5,5,5,3,69,0.125,0,0,0,0,0,0,0,0,0,1,1,1,0,1,0,1,0,42,1,1,3,19047,3
95,5,7,3,7,2,5,6,4,6,6,3,3,34.55105263,5.066666667,1,0,0,0,0,0,0,0,0,0,1,1,0,1,1,1,1,44,0,1,3,20814,3
96,4,4,3,4,4,6,6,2,6,4,3,4,37.97837838,1.947368421,0,0,0,0,0,0,0,0,0,0,1,0,0,1,1,1,1,39,0,1,3,21230,2
97,3,2,4,2,3,6,4,4,3,2,4,3,18.521875,0.695652174,0,0,0,0,0,0,0,0,1,0,1,0,0,1,1,1,1,39,1,1,2,22554,2
98,7,7,1,6,3,3,3,5,3,5,4,3,37.25,1.5,0,1,0,0,0,0,0,0,0,0,1,1,0,0,0,1,1,42,0,1,3,20191,3
99,5,5,5,5,2,3,6,2,3,2,3,1,34.85028249,5.363636364,0,0,0,0,0,0,0,0,1,0,1,0,0,1,0,1,0,39,1,1,2,20853,2
100,7,6,7,6,2,1,6,5,3,4,3,3,27.75,1.333333333,0,1,0,0,0,0,0,0,0,0,0,0,0,0,0,1,1,43,1,1,3,22003,3
101,3,5,1,4,2,5,5,4,3,1,7,1,125,0.111111111,0,0,1,0,0,0,0,0,0,0,1,0,0,1,0,1,0,40,1,1,2,8050,3
102,5,7,7,4,5,1,6,4,7,3,5,5,21.79,3.333333333,0,0,0,0,0,0,0,0,0,0,1,1,1,1,1,0,1,25,1,1,4,21114,1
103,5,4,6,2,6,4,6,1,6,6,4,4,5.5,0.555555556,0,1,0,0,0,0,0,0,0,0,1,1,1,0,1,1,0,31,1,1,2,20878,1
104,3,3,3,4,3,3,6,4,3,2,4,2,25.61836735,7.736842105,0,1,0,0,0,0,0,0,0,0,1,0,0,1,1,1,0,40,1,1,4,7726,2
105,4,5,3,5,5,4,5,4,3,6,3,4,19.5,0.047619048,1,0,0,0,0,0,0,0,0,0,1,0,0,1,0,1,1,31,1,1,3,8215,1
106,3,3,4,1,3,2,4,1,2,3,7,4,27.34791667,1.263157895,0,0,0,0,0,0,0,0,1,0,1,1,0,1,1,1,0,41,0,1,4,19096,2
107,5,7,7,5,3,5,6,4,6,6,4,5,38.67021277,2.473684211,1,0,0,0,0,0,0,0,0,0,1,0,0,0,1,1,0,31,1,2,3,23113,1
108,3,4,3,4,3,2,6,4,5,7,4,6,31.75,0.190476191,1,0,0,0,0,0,0,0,0,0,1,0,0,1,0,1,0,38,1,1,3,21771,1
109,4,5,4,5,5,7,2,6,3,5,3,7,24.36363636,0.6875,1,0,0,0,0,0,0,0,0,0,0,0,1,0,1,1,0,27,0,2,5,8096,1
110,5,5,3,5,3,2,6,2,2,4,4,2,46.15657895,2.235294118,0,0,0,0,1,0,0,0,0,0,1,0,0,1,0,1,1,37,0,1,4,22405,3
111,3,4,6,4,4,6,5,5,3,5,3,7,23.01818182,1.157894737,1,0,0,0,0,0,0,0,0,0,1,0,0,0,1,1,1,27,0,2,3,22043,1
112,6,6,3,6,3,4,6,4,2,4,6,4,34,0.142857143,0,1,0,0,0,0,0,0,0,0,1,0,1,1,1,1,1,38,0,1,4,20879,3
113,3,6,7,7,5,6,6,5,1,7,3,5,34.5,0.285714286,1,0,0,0,0,0,0,0,0,0,1,0,0,1,1,1,1,34,1,2,4,7728,1
114,3,3,5,3,4,4,4,3,3,2,6,3,25.496875,0.551724138,0,0,0,0,0,0,0,0,1,0,1,0,0,1,0,1,1,39,1,1,3,19130,2
115,4,6,4,5,4,4,5,5,1,6,4,4,24,0.052631579,1,0,0,0,0,0,0,0,0,0,1,0,0,0,1,1,0,34,1,2,5,22180,1
116,6,6,7,6,3,4,6,3,4,6,3,5,27.125,0.222222222,0,0,0,1,0,0,0,0,0,0,1,1,1,1,1,0,1,25,1,1,3,22315,1
117,4,4,5,4,5,3,6,3,5,3,5,4,31.9625,0.25,0,0,0,0,1,0,0,0,0,0,1,0,0,1,0,1,1,38,1,1,4,20187,2
118,6,7,7,4,6,5,6,4,5,5,4,5,53.9,0.277777778,0,0,0,1,0,0,0,0,0,0,1,1,1,1,1,0,1,26,1,1,4,22301,1
119,4,5,4,5,2,2,5,1,1,3,6,2,37.83333333,0.545454546,0,0,0,0,0,1,0,0,0,0,1,0,0,1,0,1,0,42,0,1,2,21060,2
120,4,4,4,4,6,5,4,3,2,5,4,5,12,0.047619048,0,0,0,0,0,0,0,0,0,0,1,1,1,1,1,1,1,35,1,1,4,8030,1
121,4,4,3,4,3,5,5,7,4,6,7,5,51.45833333,0.75,1,0,0,0,0,0,0,0,0,0,1,0,1,1,1,1,0,28,0,2,5,22182,1
122,6,7,6,4,7,5,6,5,1,7,5,5,13,3,1,0,0,0,0,0,0,0,0,0,1,0,0,1,1,1,1,26,1,2,4,19010,1
123,3,6,7,7,1,6,6,4,2,5,4,4,13.26666667,0.631578947,0,0,0,0,0,0,1,0,0,0,1,1,0,1,0,1,0,44,0,1,2,23185,1
124,4,3,4,3,1,5,4,7,4,6,7,5,11.9,2.5,1,0,0,0,0,0,0,0,0,0,0,1,1,0,1,1,0,29,0,2,3,20815,1
125,3,6,7,6,4,7,6,5,2,7,5,5,22,0.666666667,1,0,0,0,0,0,0,0,0,0,1,0,0,0,1,1,0,37,1,2,4,20874,1
126,5,5,7,5,2,4,6,1,6,5,4,5,18.98611111,2.25,0,0,0,0,0,0,0,0,0,1,1,0,0,1,0,1,0,39,1,1,2,21044,1
127,3,6,3,5,5,2,6,6,2,4,4,3,28.28177083,9.6,0,0,0,0,0,0,0,1,0,0,1,0,0,1,0,1,0,36,1,1,2,8055,3
128,5,4,5,6,6,7,2,6,6,5,4,5,27.5625,1.333333333,1,0,0,0,0,0,0,0,0,0,1,1,1,0,1,1,0,28,1,2,4,8054,1
129,7,5,7,4,6,4,6,4,6,3,4,4,17,0.166666667,0,0,0,1,0,0,0,0,0,0,1,1,1,1,1,0,1,25,0,1,3,8077,1
130,4,4,3,3,4,3,6,2,3,2,5,3,47.23522727,1.62962963,0,0,0,0,0,0,0,1,0,0,1,0,0,1,0,1,0,39,1,1,2,20855,2
131,5,6,6,6,3,4,6,5,1,7,5,5,30.89838384,4.714285714,1,0,0,0,0,0,0,0,0,0,1,0,0,1,1,1,1,33,1,2,4,8302,1
132,5,5,7,4,6,4,6,2,2,6,4,5,28.70492308,2.6,0,0,0,1,0,0,0,0,0,0,1,1,0,0,0,1,0,25,1,1,2,8033,1
133,4,4,4,4,3,4,5,3,3,6,7,5,24.86896552,3.411764706,1,0,0,0,0,0,0,0,0,0,1,1,1,1,1,0,1,26,1,1,4,22046,1
134,7,7,4,5,3,4,6,5,4,6,3,5,40.96666667,1.363636364,1,0,0,0,0,0,0,0,0,0,1,0,0,1,1,1,1,33,1,2,3,21228,1
135,2,4,1,3,1,2,3,1,3,1,4,1,42.225,1.333333333,0,0,1,0,0,0,0,0,0,0,1,1,0,1,1,1,1,41,1,1,2,20120,2
136,4,4,4,3,5,6,2,4,2,5,5,7,24.21851852,4.764705882,0,1,0,0,0,0,0,0,0,0,1,1,1,1,1,0,1,25,1,1,5,8540,1
137,4,6,4,6,3,4,5,4,3,6,4,4,15.46428571,1.555555556,0,0,0,0,1,0,0,0,0,0,1,1,0,1,1,0,1,38,1,1,2,8721,1
138,4,5,6,5,4,4,6,5,2,4,3,4,18.875,0.444444444,0,1,0,0,0,0,0,0,0,0,1,0,0,0,1,1,0,34,1,2,5,23233,1
139,4,7,3,7,2,4,6,6,2,5,1,2,21.7,0.384615385,0,1,0,0,0,0,0,0,0,0,0,1,1,0,0,1,1,40,1,1,3,20854,3
140,7,7,1,7,2,3,5,5,1,1,5,1,63,0.125,0,1,0,0,0,0,0,0,0,0,1,1,1,1,1,0,1,43,1,2,3,20164,3
141,5,5,7,5,5,4,6,3,7,5,4,5,16.33333333,0.15,0,0,0,1,0,0,0,0,0,0,1,1,0,0,0,1,0,31,0,1,2,21122,1
142,3,4,5,4,4,6,4,4,6,6,5,6,44,0.0625,0,1,0,0,0,0,0,0,0,0,1,0,1,1,1,0,1,28,0,1,5,22314,1
143,3,4,7,5,3,5,6,5,3,6,4,4,44.25,0.166666667,0,1,0,0,0,0,0,0,0,0,1,0,0,1,1,1,1,34,1,2,5,21230,1
144,4,3,5,3,4,4,3,4,2,3,7,4,99,0.222222222,0,0,0,0,0,0,1,0,0,0,1,1,0,1,1,1,1,42,1,2,1,18940,2
145,4,7,4,7,3,5,4,5,3,7,4,3,18.94038462,1.130434783,0,1,0,0,0,0,0,0,0,0,1,0,0,1,1,0,1,37,1,2,3,22032,3
146,4,5,3,4,4,6,3,7,5,5,4,7,32,0.266666667,0,1,0,0,0,0,0,0,0,0,1,0,0,1,1,0,0,28,0,2,3,19010,1
147,4,4,5,3,2,3,3,4,6,1,4,2,34.25,0.1,0,0,0,0,0,0,0,0,1,0,1,1,0,1,1,0,1,40,1,1,1,21014,2
148,3,3,7,3,3,3,3,4,3,2,4,3,24.3125,0.695652174,0,0,0,0,0,0,0,0,0,0,1,1,0,1,0,1,1,43,1,1,1,8742,2
149,2,4,7,4,3,3,3,4,6,3,5,3,26.91666667,0.285714286,0,0,0,0,0,0,0,0,0,0,1,1,0,1,1,1,1,45,1,2,1,21093,2
150,3,7,5,5,4,6,5,5,2,7,3,5,15.08333333,3,0,1,0,0,0,0,0,0,0,0,1,0,0,1,1,1,1,35,1,2,5,22193,1
151,3,5,6,4,3,2,3,3,4,5,4,4,53.4,0.277777778,0,0,0,0,0,0,0,0,0,0,1,1,0,0,0,1,1,41,1,1,1,20715,2
152,2,4,3,7,2,3,3,5,3,4,7,3,22.75,1.5,0,1,0,0,0,0,0,0,0,0,1,1,0,1,1,1,1,39,1,2,1,8083,3
153,5,6,7,7,3,5,6,5,3,6,3,4,16.125,1,0,1,0,0,0,0,0,0,0,0,1,0,0,1,1,1,0,36,1,2,3,19147,1
154,3,4,5,4,4,3,3,2,3,3,5,3,31.69354839,2.214285714,0,0,1,0,0,0,0,0,0,0,1,1,0,1,1,0,1,39,1,1,1,21093,2
155,5,5,7,4,5,4,6,1,7,5,7,5,17.1,0.208333333,0,0,0,1,0,0,0,0,0,0,1,1,0,0,0,1,0,25,0,1,2,21403,1
156,6,6,4,5,3,5,6,5,2,7,4,5,9.206896552,1.52631579,0,1,0,0,0,0,0,0,0,0,1,0,0,1,1,1,1,31,1,2,5,19004,1
157,4,6,7,7,2,4,3,4,1,5,4,3,69,0.076923077,0,0,0,0,0,0,0,0,0,1,1,0,0,0,1,1,1,41,1,1,1,20007,3
158,5,7,1,5,2,3,6,6,4,1,4,1,49,0.5,0,1,0,0,0,0,0,0,0,0,0,0,0,0,1,1,1,41,0,1,5,21131,3
159,2,3,4,3,3,3,1,4,3,7,3,5,47.125,0.4,0,0,0,0,0,0,0,0,0,1,1,0,0,0,1,1,1,40,1,1,1,20724,2
160,4,6,2,6,2,4,6,7,2,4,4,3,19.75,1.333333333,0,1,0,0,0,0,0,0,0,0,0,0,0,0,1,1,1,39,0,1,3,21234,3
161,7,6,1,7,1,3,6,6,1,3,3,1,21.88518519,2.076923077,0,1,0,0,0,0,0,0,0,0,0,0,0,0,1,1,1,43,1,2,3,21030,3
162,7,7,2,6,2,3,5,4,1,4,6,1,35.43863636,2.2,0,0,1,0,0,0,0,0,0,0,1,1,0,1,1,1,1,37,1,2,5,22601,3
163,4,6,4,7,3,5,4,5,1,6,5,4,45.75,0.571428571,0,1,0,0,0,0,0,0,0,0,1,0,0,1,1,1,1,28,1,2,3,20720,3
164,3,7,4,5,3,4,4,5,1,6,4,4,41.08333333,0.428571429,0,1,0,0,0,0,0,0,0,0,1,0,0,0,1,1,0,30,1,2,5,22152,3
165,4,6,2,6,2,3,6,4,1,3,4,1,36.47857143,1.076923077,0,0,1,0,0,0,0,0,0,0,0,1,0,0,1,1,1,41,1,1,3,20882,3
166,3,5,4,2,3,2,3,3,4,4,4,3,49.5,0.047619048,0,0,0,0,0,0,0,1,0,0,1,0,0,0,0,1,1,35,1,1,1,21108,2
167,7,7,3,6,2,4,4,4,1,5,7,3,98.33333333,0.130434783,0,0,1,0,0,0,0,0,0,0,0,0,0,0,1,1,1,42,0,1,4,18901,3
168,5,7,6,1,4,5,6,5,1,7,3,5,39.5,0.2,0,1,0,0,0,0,0,0,0,0,1,0,0,0,1,1,0,25,1,2,3,21015,1
169,5,5,6,2,4,3,3,2,4,4,4,4,13.17142857,7,0,0,0,0,0,0,0,1,0,0,1,0,0,0,0,1,1,35,1,1,1,21076,2
170,2,3,3,3,3,3,4,4,4,2,4,2,33.29920635,3.15,0,0,0,0,0,1,0,0,0,0,1,1,0,1,1,1,1,42,1,1,1,22030,2
171,3,4,4,5,3,3,3,4,3,3,5,2,54.95,0.071428571,0,0,1,0,0,0,0,0,0,0,1,1,0,1,1,0,1,43,1,1,1,8757,2
172,5,6,3,2,3,4,3,4,1,6,7,4,32.9,1.5,0,0,0,0,0,0,0,0,0,1,1,0,0,0,0,1,1,40,1,1,1,22315,1
173,6,7,7,5,5,6,6,5,1,7,4,5,29,0.043478261,0,1,0,0,0,0,0,0,0,0,1,1,1,1,1,0,1,25,1,2,4,22911,1
174,5,5,2,5,2,1,3,1,2,2,3,1,89.5,0.181818182,0,0,0,0,0,1,0,0,0,0,1,0,0,0,1,1,1,40,1,1,1,22701,2
175,3,6,2,5,2,2,3,4,3,4,3,2,9.75,0.571428571,0,0,0,0,0,0,1,0,0,0,1,0,0,1,0,1,1,40,1,2,1,8091,3
176,3,3,3,4,3,3,3,5,6,2,5,3,39.5,0.5,0,0,0,0,0,0,0,0,0,0,1,1,0,0,1,1,1,40,1,2,1,20009,2
177,6,6,4,3,3,4,6,5,2,7,5,5,26.13636364,0.916666667,0,1,0,0,0,0,0,0,0,0,1,1,1,1,1,0,1,25,1,2,3,22192,1
178,4,7,3,1,2,4,3,3,2,5,3,4,22.66666667,0.3,1,0,0,0,0,0,0,0,0,0,1,0,0,0,0,1,1,40,1,2,1,8081,2
179,3,2,4,1,3,3,4,3,5,3,3,3,34.33333333,0.25,0,0,1,0,0,0,0,0,0,0,1,1,0,1,1,1,1,43,1,1,1,8008,2
180,2,5,5,5,4,3,1,1,4,3,7,4,30.75,0.307692308,0,0,0,0,0,1,0,0,0,0,1,0,0,0,1,1,1,39,1,1,1,20165,2
181,5,3,7,1,4,6,6,5,1,7,4,5,39.78222222,4.5,0,1,0,0,0,0,0,0,0,0,1,0,0,0,1,1,0,31,1,2,4,22102,1
182,4,6,5,1,4,5,2,4,3,6,4,6,33.68589744,7.8,0,1,0,0,0,0,0,0,0,0,1,0,1,1,1,0,1,28,0,2,2,21104,1
183,4,1,5,4,4,5,2,4,3,5,3,6,13.125,0.333333333,0,1,0,0,0,0,0,0,0,0,0,1,1,1,1,0,0,31,0,1,4,20850,1
184,3,1,4,3,3,4,3,4,4,2,3,3,29.5,1,0,0,1,0,0,0,0,0,0,0,1,0,0,0,0,1,1,46,1,1,1,20186,2
185,5,1,4,3,4,2,3,2,3,4,7,4,52.80769231,0.722222222,0,0,0,0,0,0,0,1,0,0,1,0,0,1,0,1,1,34,1,2,1,18901,2
186,5,6,7,5,3,5,6,5,1,7,4,5,39.975,0.142857143,0,1,0,0,0,0,0,0,0,0,1,1,1,1,1,0,1,39,1,2,4,20904,1
187,5,5,5,4,4,5,3,4,3,5,4,5,103.5,0.222222222,0,1,0,0,0,0,0,0,0,0,1,1,1,1,1,0,1,30,0,2,3,8610,1
188,5,6,5,5,4,3,3,2,5,4,6,3,11.88888889,1.8,0,0,0,0,0,1,0,0,0,0,1,1,0,1,1,1,1,34,1,1,1,23185,2
189,4,1,5,3,4,6,2,7,2,5,4,6,46.77272727,1.692307692,0,1,0,0,0,0,0,0,0,0,1,1,1,1,1,0,1,29,0,1,4,20187,1
190,4,2,7,5,6,5,6,2,3,6,3,5,26.2375,4,0,0,0,0,0,0,0,0,1,0,1,1,1,0,1,1,0,34,0,1,2,22601,1
191,4,6,5,1,4,3,4,3,5,4,4,5,16.35,0.416666667,0,0,0,1,0,0,0,0,0,0,1,1,0,1,1,1,1,35,1,1,1,21133,2
192,3,6,5,4,4,3,3,3,3,3,4,3,38.34,0.52631579,0,1,0,0,0,0,0,0,0,0,1,0,0,1,0,1,1,41,1,2,1,22015,2
193,3,4,4,5,3,2,3,3,3,4,4,3,40.07457627,4.916666667,0,1,0,0,0,0,0,0,0,0,1,0,0,1,0,1,1,38,1,1,2,8540,2
194,6,2,7,6,5,4,6,2,5,5,4,5,36.5,0.2,0,0,0,1,0,0,0,0,0,0,1,1,1,1,0,1,1,25,0,1,2,22602,1
195,3,4,6,4,4,3,3,2,3,7,6,6,13.90625,0.666666667,0,0,0,0,0,0,0,1,0,0,1,1,0,1,1,1,1,35,1,1,2,22554,1
196,4,1,6,2,4,6,2,5,2,5,6,7,70.92857143,0.411764706,0,1,0,0,0,0,0,0,0,0,1,0,1,1,1,0,1,25,1,1,3,19446,1
197,4,7,7,5,4,6,6,5,4,7,4,5,33.79690722,6.0625,0,1,0,0,0,0,0,0,0,0,1,0,0,0,1,1,0,28,1,2,4,20024,1
198,4,2,2,1,3,1,3,1,2,2,4,3,22.40833333,3,0,0,1,0,0,0,0,0,0,0,1,1,0,1,1,1,1,44,1,1,2,20016,2
199,2,4,5,4,5,4,1,4,3,4,4,2,27.84565217,3.285714286,0,0,0,0,1,0,0,0,0,0,1,0,0,0,0,1,1,39,1,1,2,21784,2
200,3,5,5,4,1,2,3,2,3,5,3,5,16.45769231,1.444444444,0,0,0,0,0,0,0,1,0,0,1,0,0,0,0,1,1,34,1,1,2,8318,2
201,5,6,4,6,1,4,6,4,2,3,3,3,44.85662651,2.677419355,0,0,1,0,0,0,0,0,0,0,1,1,0,1,1,1,1,39,1,1,4,20815,3
202,5,7,4,6,2,4,6,4,4,3,5,2,26.64285714,0.913043478,0,0,1,0,0,0,0,0,0,0,1,0,0,1,1,1,1,36,0,1,4,19010,3
203,6,4,5,2,6,2,6,2,5,5,5,5,35.66333333,0.681818182,0,0,0,0,1,0,0,0,0,0,1,1,1,1,1,0,1,25,1,1,2,22026,2
204,4,5,4,5,3,4,3,3,1,3,3,3,16.275,1.333333333,0,0,0,0,0,0,0,0,0,1,1,0,0,0,0,1,1,45,1,2,2,22042,3
205,6,6,3,6,3,4,6,5,1,4,4,3,46,0.2,0,0,1,0,0,0,0,0,0,0,0,0,0,0,1,1,1,43,0,1,5,21090,3
206,3,3,4,3,3,3,3,3,6,3,4,3,41.5,0.8,0,0,0,1,0,0,0,0,0,0,1,0,0,0,0,1,1,39,1,2,2,22310,2
207,2,3,4,3,4,4,1,3,6,3,7,2,23.87557252,7.277777778,0,0,1,0,0,0,0,0,0,0,1,1,0,0,1,1,1,42,0,2,2,22102,2
208,5,7,6,7,5,6,6,4,6,6,3,5,33,0.5,0,1,0,0,0,0,0,0,0,0,1,1,1,0,1,0,1,32,1,2,3,22314,1
209,3,7,5,4,5,3,4,4,3,5,4,3,26.75,1.2,0,0,0,0,0,0,0,0,0,0,1,0,0,0,1,1,1,40,1,1,2,22602,1
210,4,7,4,5,5,4,4,4,4,6,5,5,44,0.03125,0,1,0,0,0,0,0,0,0,0,1,0,1,1,1,0,0,25,1,1,2,8724,1
211,5,6,7,7,4,5,6,3,6,6,6,5,69,0.166666667,0,1,0,0,0,0,0,0,0,0,1,1,1,0,1,1,0,32,1,2,2,20170,1
212,4,4,5,3,2,6,4,6,4,5,3,6,19.75,0.083333333,0,1,0,0,0,0,0,0,0,0,1,0,0,1,0,0,0,25,1,2,2,19130,1
213,3,3,3,3,2,2,3,3,2,2,4,2,12.5,0.428571429,0,0,1,0,0,0,0,0,0,0,1,1,0,0,0,1,1,43,1,1,2,22043,2
214,4,5,5,5,4,5,2,4,3,5,5,6,25.21428571,1,0,1,0,0,0,0,0,0,0,0,1,0,1,1,0,0,0,30,0,1,3,21035,1
215,6,6,7,7,5,5,6,4,4,4,5,5,23.14934641,10.2,0,0,0,1,0,0,0,0,0,0,1,1,1,0,1,1,0,32,1,1,3,7726,1
216,5,5,7,5,5,4,6,3,3,5,3,5,57.83333333,0.6,0,0,0,1,0,0,0,0,0,0,1,1,1,0,1,0,0,29,1,1,2,8028,1
217,5,7,3,7,3,4,6,5,3,2,4,3,30.63636364,0.407407407,0,0,1,0,0,0,0,0,0,0,0,0,0,0,1,1,1,37,0,1,5,8083,3
218,4,5,4,4,5,6,2,3,3,5,4,7,13.66666667,0.9,0,1,0,0,0,0,0,0,0,0,0,1,1,1,0,0,1,25,1,1,2,8036,1
219,6,5,7,4,6,4,6,1,5,6,5,4,22.75,0.363636364,0,0,0,1,0,0,0,0,0,0,1,1,1,0,1,0,0,28,1,1,2,8204,1
220,5,6,7,6,4,4,6,4,1,7,3,4,29.35294118,0.566666667,0,1,0,0,0,0,0,0,0,0,1,0,1,0,1,1,1,34,1,2,4,23113,1
221,4,6,2,7,2,4,6,7,1,4,3,2,22.625,1.2,0,0,1,0,0,0,0,0,0,0,1,1,0,0,1,1,1,38,0,2,3,22181,3
222,1,2,3,1,3,3,2,3,4,2,3,3,24.92857143,1,0,0,0,1,0,0,0,0,0,0,0,1,0,0,1,1,1,38,1,2,2,20904,2
223,3,2,6,1,4,4,2,3,4,2,5,4,28.5,0.25,0,0,0,0,1,0,0,0,0,0,1,1,0,0,1,1,1,35,0,1,2,21060,2
224,4,7,4,4,3,4,6,4,1,7,4,5,26.33333333,0.428571429,0,1,0,0,0,0,0,0,0,0,1,0,0,0,1,1,0,34,1,2,3,21035,1
225,5,4,3,3,3,1,3,1,3,3,5,3,52.45,0.3125,0,0,0,0,0,0,0,0,0,0,1,0,0,0,0,1,1,40,1,1,2,22032,2
226,5,7,3,7,2,4,6,6,1,5,3,3,26.35714286,0.636363636,0,0,1,0,0,0,0,0,0,0,1,0,0,0,1,1,1,39,1,2,4,21702,3
227,4,5,2,7,2,3,3,4,3,2,4,2,16,0.428571429,0,0,0,0,1,0,0,0,0,0,1,0,0,0,0,1,1,38,0,1,3,8053,3
228,3,7,3,6,3,1,3,1,2,3,7,2,32.49868421,1.583333333,0,0,0,0,0,1,0,0,0,0,0,0,0,0,0,1,1,36,1,1,2,18901,2
229,4,6,7,6,3,5,5,4,7,6,4,5,70.66666667,0.6,0,1,0,0,0,0,0,0,0,0,1,0,0,0,1,1,0,32,1,2,5,8083,1
230,4,2,4,3,5,7,2,7,4,5,3,7,42.83333333,5,0,1,0,0,0,0,0,0,0,0,1,1,1,1,1,0,0,29,0,1,4,22315,1
231,7,7,2,4,2,3,3,4,2,4,5,3,19.75,0.333333333,0,0,1,0,0,0,0,0,0,0,1,1,0,0,1,1,1,45,1,1,3,19115,3
232,3,4,7,7,3,3,3,4,1,6,4,4,25.98298969,4.041666667,1,0,0,0,0,0,0,0,0,0,1,1,0,0,1,1,1,41,1,1,5,20816,1
233,7,7,1,4,1,4,6,6,4,2,5,2,31.64583333,0.52173913,0,0,1,0,0,0,0,0,0,0,0,0,0,0,0,1,1,39,1,2,3,22193,3
234,3,5,6,5,4,3,3,4,4,5,4,4,43.61818182,1.222222222,0,0,0,0,0,0,0,0,0,1,0,0,0,0,0,1,1,39,0,1,3,20016,1
235,2,3,3,7,3,3,3,5,3,4,4,4,129,0.083333333,0,0,0,0,0,0,0,0,1,0,1,1,0,0,1,1,1,39,0,1,3,20874,3
236,3,3,3,3,3,1,3,2,4,3,7,3,26,0.25,0,0,0,0,0,0,0,0,1,0,0,0,0,0,0,1,1,40,1,1,5,21403,2
237,4,7,7,5,3,5,5,6,7,6,5,5,46.2,0.416666667,0,1,0,0,0,0,0,0,0,0,1,0,1,0,1,1,1,30,1,2,5,19083,1
238,5,6,3,6,2,4,6,4,1,6,4,4,17.28378378,1.681818182,0,0,1,0,0,0,0,0,0,0,1,1,0,0,0,1,1,42,1,2,3,19087,3
239,4,1,4,4,5,7,3,5,2,5,5,7,28.22751678,6.208333333,0,1,0,0,0,0,0,0,0,0,1,1,1,1,0,0,0,31,1,1,2,8540,1
240,4,5,3,6,2,4,3,4,3,5,4,4,39.5,1,0,0,0,0,0,0,0,0,0,0,1,1,0,0,1,1,1,41,1,1,5,8360,3
241,4,5,6,5,4,6,3,4,2,5,7,5,29,1,0,1,0,0,0,0,0,0,0,0,1,1,1,1,1,0,1,27,1,1,2,20904,1
242,5,7,6,4,4,5,6,6,1,7,4,5,19.7,0.555555556,0,1,0,0,0,0,0,0,0,0,1,0,1,0,1,1,1,31,1,2,5,8077,1
243,2,3,3,7,3,3,4,5,3,2,4,2,33.73846154,3,0,0,0,0,1,0,0,0,0,0,1,1,0,0,1,1,1,38,0,1,4,21054,3
244,5,1,6,4,4,4,3,5,6,4,3,5,30.6,0.666666667,0,0,0,1,0,0,0,0,0,0,1,1,0,0,1,1,1,32,0,1,4,8628,2
245,5,7,2,7,2,3,6,5,2,3,3,2,27.68282828,5.210526316,0,0,1,0,0,0,0,0,0,0,0,0,0,0,0,1,1,43,1,1,5,8210,3
246,6,7,3,6,3,4,6,5,2,3,6,3,21.8,0.2,0,0,1,0,0,0,0,0,0,0,1,1,0,0,1,0,1,39,1,1,5,22407,3
247,5,6,6,4,4,6,6,6,4,7,5,5,31.79666667,1.25,0,1,0,0,0,0,0,0,0,0,1,0,1,0,1,1,0,33,1,1,4,20852,1
248,4,6,5,4,3,4,4,6,1,7,3,5,43.40288462,2.260869565,0,1,0,0,0,0,0,0,0,0,1,0,0,0,1,1,0,26,1,1,5,21401,1
249,3,5,3,6,3,2,3,4,3,5,4,3,42.21298701,5.923076923,0,0,0,0,0,0,0,0,0,1,0,0,0,0,0,1,1,39,0,1,3,22901,3
250,3,5,3,5,3,2,3,3,4,3,3,3,78.66666667,0.6,0,0,1,0,0,0,0,0,0,0,1,1,0,0,1,1,1,46,1,1,1,21230,2
251,2,2,5,2,3,2,4,2,6,2,3,2,41.13,4.615384615,0,0,0,1,0,0,0,0,0,0,1,1,0,0,1,1,1,32,0,1,3,22044,2
252,7,7,4,7,2,4,6,5,2,2,3,1,12.75,1.333333333,0,0,1,0,0,0,0,0,0,0,0,0,0,0,0,1,1,40,0,1,4,21104,3
253,3,4,7,4,3,3,3,5,6,2,3,2,38,0.027777778,0,0,1,0,0,0,0,0,0,0,1,1,0,0,1,1,1,40,1,1,3,21157,2
254,3,3,2,4,3,3,3,4,3,2,4,2,23.04545455,0.916666667,0,0,0,0,0,0,0,0,1,0,1,1,0,0,1,1,1,39,0,1,3,8050,2
255,3,5,4,7,5,7,4,7,2,5,4,7,89,0.058823529,0,1,0,0,0,0,0,0,0,0,1,0,1,1,0,0,0,26,1,1,3,8701,1
256,4,4,3,4,3,6,4,5,3,5,3,6,36,0.058823529,0,1,0,0,0,0,0,0,0,0,1,0,0,1,0,0,1,26,1,1,2,21228,1
257,1,5,1,7,3,5,6,6,3,6,4,3,32,0.125,0,0,1,0,0,0,0,0,0,0,1,1,0,0,1,0,1,42,1,2,4,8053,3
258,2,3,1,4,3,5,3,6,1,6,4,5,26.99482143,11.66666667,0,0,1,0,0,0,0,0,0,0,1,0,0,0,1,1,1,39,0,1,4,19010,3
259,4,7,1,7,2,4,3,5,4,5,3,3,64,0.090909091,0,0,0,0,0,1,0,0,0,0,1,0,0,0,1,1,1,39,0,1,3,19046,3
260,3,5,2,5,2,4,4,5,2,5,4,4,37.7,2.928571429,0,0,1,0,0,0,0,0,0,0,0,1,0,0,1,1,1,40,0,2,3,8057,3
261,2,4,4,5,2,4,3,3,3,3,4,2,19.4,0.625,0,0,0,0,0,0,0,0,1,0,1,0,0,0,0,1,1,36,0,1,3,22601,2
262,2,5,4,6,2,4,3,6,1,3,4,2,41.58974359,1.95,0,0,1,0,0,0,0,0,0,0,1,1,0,0,1,1,1,45,1,1,3,22207,3
263,3,5,4,6,4,6,3,6,4,5,3,7,39,0.545454546,0,1,0,0,0,0,0,0,0,0,1,0,1,1,1,0,0,29,1,2,3,21012,1
264,4,4,7,3,4,3,3,1,5,4,4,4,14.66666667,3,0,0,0,1,0,0,0,0,0,0,1,0,0,0,0,1,1,37,1,1,3,20707,2
265,4,4,4,2,3,2,4,2,4,3,5,3,23.83333333,0.818181818,0,0,0,0,0,0,0,0,1,0,1,1,0,0,1,1,1,38,0,1,3,18901,2
266,3,5,1,5,3,4,4,4,6,5,7,4,25.11470588,2,0,0,0,0,0,0,0,0,0,1,1,0,0,0,1,1,1,40,0,1,3,8873,3
267,6,6,6,4,3,5,6,6,4,6,3,5,30.15967742,1.55,0,1,0,0,0,0,0,0,0,0,1,0,0,0,1,1,0,30,1,1,5,20817,1
268,3,3,6,2,4,4,3,3,3,2,5,4,31.89285714,0.7,0,0,0,0,1,0,0,0,0,0,1,1,0,0,1,1,1,38,0,1,4,22042,2
269,4,6,4,5,3,4,5,6,1,7,6,5,31.15625,0.761904762,0,1,0,0,0,0,0,0,0,0,1,0,0,0,1,1,0,34,1,2,3,23233,1
270,6,5,5,5,3,6,4,6,1,7,6,4,9.875,0.4,0,1,0,0,0,0,0,0,0,0,1,0,1,0,1,1,1,33,1,1,5,19111,1
271,4,6,5,5,4,3,4,3,3,4,4,3,21.345,0.476190476,0,0,0,0,0,0,0,0,0,1,1,0,0,0,0,1,1,40,0,1,2,21286,2
272,3,5,6,4,4,5,4,4,2,6,4,5,22.11764706,3.777777778,0,0,1,0,0,0,0,0,0,0,0,1,1,1,0,0,1,26,0,1,5,21037,1
273,1,4,4,5,3,3,2,3,3,2,4,2,16.33333333,0.115384615,0,0,0,0,1,0,0,0,0,0,1,1,0,0,0,1,1,42,1,1,1,21228,2
274,3,4,6,4,4,4,1,2,2,4,3,4,34.02931035,0.935483871,0,0,0,0,1,0,0,0,0,0,1,0,0,0,0,1,1,35,1,1,2,23229,2
275,4,5,5,5,4,3,4,3,4,3,4,3,23.85714286,0.333333333,0,0,1,0,0,0,0,0,0,0,1,0,0,0,0,1,1,40,1,1,2,22182,2
276,4,5,4,4,3,4,3,2,1,3,6,4,24,0.1,0,0,0,0,0,0,0,1,0,0,1,0,0,0,0,1,1,39,1,1,3,23113,2
277,3,4,4,4,3,5,6,6,1,7,3,5,8.85,0.769230769,0,1,0,0,0,0,0,0,0,0,1,0,0,0,1,1,0,34,1,2,5,8318,1
278,4,3,5,1,4,3,3,3,5,3,6,5,24.46825397,2.333333333,0,0,0,0,0,0,0,1,0,0,1,0,0,0,0,1,1,35,1,1,3,22152,2
279,4,4,7,5,4,6,3,4,2,6,3,5,22.35833333,3.3,0,0,1,0,0,0,0,0,0,0,1,1,1,1,0,0,1,25,1,1,5,21230,1
280,3,7,4,3,4,3,3,3,5,3,7,3,47.775,2.857142857,0,0,1,0,0,0,0,0,0,0,1,1,0,0,0,1,1,41,0,1,4,22180,2
281,5,6,6,5,4,6,4,6,5,6,6,5,17.4375,1.6,0,1,0,0,0,0,0,0,0,0,1,0,1,0,1,1,1,34,1,1,4,20902,1
282,5,5,5,4,3,4,4,6,2,7,4,5,38.875,4,0,1,0,0,0,0,0,0,0,0,1,0,1,0,1,1,1,25,1,1,4,19128,1
283,2,5,2,4,2,4,4,5,1,4,3,3,57.3,1,0,0,1,0,0,0,0,0,0,0,0,1,0,0,1,1,1,39,0,2,5,22101,3
284,3,3,1,3,1,2,3,3,1,1,4,1,34,0.055555556,0,0,0,0,0,1,0,0,0,0,1,1,0,0,1,1,1,44,1,1,2,21286,2
285,3,5,5,5,4,3,3,2,3,3,5,3,40.51,1.428571429,0,0,1,0,0,0,0,0,0,0,0,0,0,0,0,1,1,39,0,1,3,21035,2
286,6,4,4,4,3,4,3,4,3,5,4,5,31.52794118,3.090909091,0,0,0,0,0,1,0,0,0,0,1,0,0,0,1,1,1,40,1,1,2,23233,1
287,4,3,6,4,5,3,3,2,3,4,4,4,27.58333333,1.5,0,0,0,0,0,0,1,0,0,0,1,1,0,0,1,1,1,40,0,1,3,21113,2
288,2,7,3,7,2,5,6,7,2,6,4,3,29,0.047619048,0,0,1,0,0,0,0,0,0,0,1,0,0,0,1,1,1,36,1,2,5,7728,3
289,7,1,4,4,3,2,3,3,4,7,4,6,22.5,1,0,1,0,0,0,0,0,0,0,0,1,0,0,0,0,1,1,39,0,1,4,19087,1
290,2,5,4,4,3,3,3,2,3,2,5,2,26.5,0.166666667,0,1,0,0,0,0,0,0,0,0,1,1,0,0,1,1,1,46,0,1,3,22003,2
291,6,4,7,5,6,5,6,2,5,3,5,4,28.71969697,2.2,0,0,0,1,0,0,0,0,0,0,1,1,1,0,1,0,0,25,1,1,2,19128,1
292,5,6,7,5,5,5,6,4,4,4,4,5,25.64576271,2.681818182,0,0,0,0,1,0,0,0,0,0,1,1,1,0,1,0,1,31,1,1,1,20723,1
293,5,3,6,5,4,5,3,4,3,5,4,6,29,0.333333333,0,0,1,0,0,0,0,0,0,0,1,0,1,1,0,0,1,27,1,1,2,8053,1
294,2,7,4,6,3,5,5,4,3,3,3,4,24.61875,1.523809524,0,0,1,0,0,0,0,0,0,0,0,0,0,0,1,1,1,36,0,2,3,21771,3
295,4,6,5,2,4,3,3,3,5,4,5,5,21.48333333,0.428571429,0,0,0,0,1,0,0,0,0,0,0,0,0,0,0,1,1,32,1,1,2,20744,2
296,4,6,4,4,3,4,6,6,1,6,3,4,42.3,2.5,0,1,0,0,0,0,0,0,0,0,1,1,1,0,1,0,1,35,1,1,3,8021,3
297,6,4,3,4,3,2,3,3,3,4,3,4,43.17777778,1.928571429,0,0,0,1,0,0,0,0,0,0,0,1,0,0,1,1,1,32,0,1,3,8057,2
298,7,7,6,7,2,4,5,6,3,1,3,1,21.35106383,2.764705882,0,0,1,0,0,0,0,0,0,0,0,0,0,0,1,1,1,40,1,2,5,20015,3
299,4,4,5,3,4,3,4,1,4,4,4,4,50.58333333,0.352941177,0,0,0,0,0,0,0,0,1,0,0,0,0,0,0,1,1,39,0,1,3,8057,2
300,4,4,1,4,5,4,2,3,4,4,6,5,29,0.2,0,0,0,0,1,0,0,0,0,0,1,0,0,0,0,1,1,37,1,1,3,8332,2
301,5,7,3,5,3,5,7,6,1,6,7,4,50.25,0.307692308,0,1,0,0,0,0,0,0,0,0,1,1,1,0,1,1,1,39,1,2,5,20877,3
302,3,5,5,4,4,6,4,6,2,7,3,5,25.794,2.777777778,0,1,0,0,0,0,0,0,0,0,1,0,0,0,1,1,1,41,1,2,5,21401,1
303,6,6,4,5,4,2,4,1,2,5,3,4,33.14285714,0.583333333,0,0,0,1,0,0,0,0,0,0,1,0,0,0,0,1,1,37,1,1,3,21794,2
304,3,2,1,1,5,4,3,2,4,2,4,4,13.63571429,0.35,0,0,1,0,0,0,0,0,0,0,1,1,0,0,1,1,1,42,1,1,3,21042,2
305,7,5,6,4,4,2,1,2,3,4,4,4,45.375,0.222222222,0,0,0,0,0,0,0,1,0,0,0,0,0,0,0,1,1,33,0,1,3,22066,2
306,4,5,5,5,2,3,3,6,2,4,6,2,31.94166667,0.947368421,0,0,0,0,1,0,0,0,0,0,0,0,0,0,0,1,1,37,1,1,4,8724,3
307,6,5,6,4,4,6,5,6,1,7,3,5,24.34210526,2.235294118,0,1,0,0,0,0,0,0,0,0,1,1,1,0,1,1,1,37,1,2,3,20850,1
308,3,5,1,4,2,5,3,6,1,5,7,3,28.84386793,4.416666667,0,0,1,0,0,0,0,0,0,0,1,1,0,0,1,1,1,45,0,2,4,19046,3
309,5,6,4,4,3,5,6,6,2,7,3,5,35,0.25,0,1,0,0,0,0,0,0,0,0,1,1,1,0,1,0,1,39,1,2,4,19114,1
310,5,4,2,3,3,2,3,2,2,4,4,3,27.08863636,1.294117647,0,0,0,0,0,0,0,0,1,0,0,0,0,0,0,1,1,42,0,1,3,20910,2
311,3,4,2,5,3,3,3,5,5,2,4,1,15.73333333,0.833333333,0,0,0,0,0,0,0,0,0,1,0,0,0,0,0,1,1,47,1,1,4,21108,2
312,5,5,5,5,5,4,6,4,4,4,4,4,54.71428571,0.318181818,0,1,0,0,0,0,0,0,0,0,1,1,1,0,1,0,0,33,1,2,3,22192,1
313,7,4,7,2,4,2,3,2,4,4,4,3,28.73301887,2.208333333,0,0,0,0,0,0,0,1,0,0,0,0,0,0,0,1,1,33,1,1,3,8520,2
314,4,5,6,4,3,4,2,4,2,6,3,5,11.33333333,0.75,0,0,1,0,0,0,0,0,0,0,1,0,1,1,0,0,0,25,1,1,5,8002,1
315,7,7,2,7,2,4,6,6,3,5,3,3,30.22272727,2,0,0,1,0,0,0,0,0,0,0,1,0,0,0,1,1,1,37,1,2,3,21044,3
316,2,3,1,6,2,3,5,4,1,4,5,3,24.33333333,0.5,0,0,1,0,0,0,0,0,0,0,1,0,0,0,1,1,1,37,1,2,4,21236,3
317,5,4,6,4,5,4,6,4,5,5,4,5,30.81483517,4.333333333,0,0,0,0,0,0,1,0,0,0,1,1,1,0,1,0,1,31,1,2,2,23229,1
318,7,6,3,6,3,1,3,3,4,3,4,2,21.63888889,2.25,0,0,0,0,0,0,0,1,0,0,0,0,0,0,0,1,1,34,1,1,3,22207,3
319,6,6,7,6,5,3,6,2,5,5,3,5,13.49615385,0.541666667,0,0,0,1,0,0,0,0,0,0,1,1,1,0,0,0,0,25,1,1,2,22201,1
320,2,4,4,7,4,3,4,3,2,3,3,2,36.42307692,1.04,1,0,0,0,0,0,0,0,0,0,1,1,0,0,1,1,1,45,1,1,2,8406,3
321,4,3,4,5,4,4,3,5,5,3,3,3,89.65789474,0.904761905,0,0,0,0,1,0,0,0,0,0,1,1,0,0,0,1,1,42,0,1,3,20132,2
322,5,7,4,4,3,4,6,4,1,4,4,4,47.78571429,0.35,0,0,1,0,0,0,0,0,0,0,1,1,0,0,1,1,1,38,1,2,5,21037,3
323,3,4,4,3,4,6,5,5,5,6,4,6,22.5,0.857142857,0,0,1,0,0,0,0,0,0,0,1,0,1,1,0,0,1,27,0,2,5,8036,1
324,4,3,5,3,4,4,3,5,5,3,3,4,21.05,10,0,0,0,0,1,0,0,0,0,0,1,0,0,0,0,1,1,37,0,1,3,20814,2
325,7,5,2,5,2,4,6,6,2,2,5,2,6.428571429,0.194444444,0,0,1,0,0,0,0,0,0,0,1,1,0,0,1,1,1,44,0,2,5,22903,3
326,6,5,7,5,6,5,6,3,7,6,6,4,27.5,0.157894737,0,0,0,1,0,0,0,0,0,0,1,1,1,0,0,0,0,25,1,1,2,21228,1
327,4,5,4,5,3,5,4,6,2,6,4,5,33.33333333,0.166666667,0,1,0,0,0,0,0,0,0,0,1,0,0,0,0,1,1,32,1,2,3,20817,1
328,2,1,6,1,4,3,1,1,6,1,4,2,58.44444444,0.333333333,0,0,0,0,1,0,0,0,0,0,0,0,0,0,0,1,1,39,1,1,4,22207,2
329,3,6,4,4,4,6,4,4,5,5,5,6,17.5,1,0,0,1,0,0,0,0,0,0,0,1,1,1,1,1,0,0,30,1,1,4,22031,1
330,3,6,6,4,4,3,3,4,2,5,6,4,30.76923077,6.5,1,0,0,0,0,0,0,0,0,0,1,1,0,1,1,1,1,47,0,1,4,8054,1
331,3,5,5,4,3,3,3,4,5,7,3,3,38.38295455,1.833333333,0,0,0,0,0,0,0,0,0,0,0,0,0,0,0,1,1,40,0,1,3,22032,1
332,6,5,4,7,3,4,6,4,3,3,4,4,21.61111111,0.409090909,0,0,1,0,0,0,0,0,0,0,1,1,0,1,1,1,1,38,0,2,3,21227,3
333,7,4,5,4,4,3,3,3,3,6,5,3,53.44117647,1.133333333,0,0,0,0,0,0,0,1,0,0,1,0,0,1,0,1,1,32,0,1,4,20816,1
334,3,6,3,6,2,5,5,5,4,5,4,3,20,0.090909091,0,0,1,0,0,0,0,0,0,0,1,0,0,1,0,1,1,35,0,2,3,20187,3
335,7,5,5,5,4,2,3,1,6,4,3,4,69,0.043478261,0,0,0,0,0,0,0,1,0,0,1,1,0,1,1,1,1,33,0,1,2,20007,2
336,4,5,3,4,2,4,5,5,3,5,5,4,30.9875,1.333333333,0,0,1,0,0,0,0,0,0,0,1,1,0,1,1,1,1,45,0,2,5,22041,3
337,6,5,4,5,3,6,4,6,1,6,7,4,17.6,0.3125,0,1,0,0,0,0,0,0,0,0,1,1,1,1,1,1,1,36,1,2,5,22310,1
338,4,6,5,5,3,5,5,6,1,6,6,5,36.66666667,0.176470588,0,1,0,0,0,0,0,0,0,0,1,1,1,1,1,0,1,30,1,2,5,21122,1
339,4,6,5,5,4,6,6,6,3,7,6,5,23.525,1.272727273,0,1,0,0,0,0,0,0,0,0,1,0,0,0,0,1,1,28,1,2,3,8057,1
340,4,4,4,4,3,6,4,6,3,5,4,6,53.7375,0.4,0,0,1,0,0,0,0,0,0,0,1,0,1,1,1,0,0,30,1,1,3,20854,1
341,5,2,4,2,3,5,2,5,3,5,4,6,38.9775,1.538461539,0,0,1,0,0,0,0,0,0,0,1,0,1,1,0,0,0,25,1,1,5,8054,1
342,5,3,3,1,3,2,3,1,3,3,6,4,26.77777778,0.391304348,0,0,0,0,0,0,0,0,0,0,1,1,0,1,1,1,1,41,1,1,3,8033,2
343,5,5,5,3,4,5,5,6,1,7,4,5,14,0.3,0,1,0,0,0,0,0,0,0,0,1,0,1,1,0,1,1,25,1,2,3,21227,1
344,6,3,4,4,3,2,3,3,4,5,4,4,32.8,0.5,0,0,0,0,0,0,0,0,1,0,1,1,0,1,1,1,1,40,0,1,3,21136,2
345,4,7,5,1,4,2,3,1,6,3,4,4,43.66666667,0.75,0,0,0,1,0,0,0,0,0,0,1,1,0,1,1,1,1,33,0,1,3,22201,2
346,4,6,3,4,3,2,3,2,2,3,4,2,23.98658537,8.2,0,0,1,0,0,0,0,0,0,0,1,0,0,1,1,1,1,39,1,1,4,21030,2
347,3,3,3,6,2,4,4,4,1,5,5,3,32.09583333,2,0,0,1,0,0,0,0,0,0,0,1,1,0,1,1,1,1,35,0,2,3,20191,3
348,5,3,3,7,2,5,6,7,1,5,4,2,17.02777778,0.642857143,0,0,1,0,0,0,0,0,0,0,0,0,0,0,0,1,1,41,1,2,3,20854,3
349,7,6,7,6,5,4,6,3,6,6,5,5,27.5,0.75,0,0,0,1,0,0,0,0,0,0,1,1,1,1,1,0,1,25,1,1,3,22193,1
350,5,6,6,5,4,4,6,3,4,4,5,4,27.19444444,1.8,0,0,0,1,0,0,0,0,0,0,1,0,1,1,0,0,1,27,1,1,2,21030,1
351,5,1,6,2,5,3,6,3,6,5,4,5,45.91153846,0.722222222,0,0,0,1,0,0,0,0,0,0,1,0,1,1,0,0,1,25,1,1,2,20877,2
352,7,2,4,6,4,2,3,2,2,4,4,3,15,0.166666667,0,0,0,0,0,0,0,0,0,1,0,0,0,1,1,1,1,39,0,1,3,21015,2
353,4,7,4,2,3,2,3,1,2,3,3,4,63.375,0.166666667,0,0,0,0,0,0,0,0,0,0,1,0,0,1,1,1,1,40,1,1,2,22193,2
354,5,5,4,3,3,2,3,2,2,4,4,4,15,0.083333333,0,0,0,0,0,0,0,1,0,0,1,1,0,1,1,1,1,34,0,1,4,22903,2
355,5,7,6,4,5,4,6,4,5,4,4,5,36.55625,2.666666667,0,0,1,0,0,0,0,0,0,0,0,0,1,1,0,0,0,32,1,1,2,22405,1
356,3,3,3,5,2,4,3,4,1,5,4,3,8.316666667,0.176470588,0,0,1,0,0,0,0,0,0,0,1,1,0,1,1,1,1,37,0,2,3,7728,3
357,2,7,2,6,2,3,3,4,1,4,7,2,36.17375,1.818181818,0,0,1,0,0,0,0,0,0,0,1,1,0,1,1,1,1,40,1,2,4,18901,3
358,4,5,4,5,3,5,5,6,1,7,4,4,45.22887324,9.260869565,0,1,0,0,0,0,0,0,0,0,1,1,1,1,1,1,1,39,1,2,5,20854,1
359,2,2,2,4,3,3,3,4,4,1,4,1,14.75,0.153846154,0,0,0,0,0,1,0,0,0,0,1,0,0,1,1,1,1,39,0,1,3,21044,2
360,6,1,7,5,5,4,6,1,4,6,4,5,71.78571429,2.333333333,0,0,0,1,0,0,0,0,0,0,0,0,1,1,0,0,0,25,1,1,3,18901,1
361,4,5,1,5,2,3,6,5,2,1,4,1,22.48888889,5.727272727,0,0,1,0,0,0,0,0,0,0,0,0,0,1,0,1,1,35,1,2,4,21044,3
362,3,5,3,4,2,4,3,5,1,5,3,3,15.3,0.5,0,0,1,0,0,0,0,0,0,0,0,1,0,1,0,1,1,42,1,2,4,20121,3
363,6,7,4,5,3,4,6,4,2,4,4,4,58.371875,1.391304348,0,0,1,0,0,0,0,0,0,0,0,0,0,1,0,1,1,40,1,2,3,21060,3
364,3,5,6,4,5,4,3,1,2,4,7,4,27.87321429,3.5,0,0,0,0,0,1,0,0,0,0,1,1,0,1,1,1,1,38,0,1,4,8330,2
365,5,5,4,5,3,5,6,4,2,6,4,5,24.73165138,4.954545455,0,1,0,0,0,0,0,0,0,0,1,0,1,1,0,1,1,34,1,2,5,20878,1
366,4,5,6,6,5,7,2,6,6,5,5,7,23.3375,1.904761905,0,0,1,0,0,0,0,0,0,0,1,1,1,1,1,0,0,26,1,1,2,21784,1
367,4,6,2,5,2,4,3,3,6,5,5,3,69,0.047619048,0,1,0,0,0,0,0,0,0,0,0,0,0,1,1,1,0,42,1,1,3,22041,3
368,3,5,5,5,3,3,3,3,5,7,4,4,65,0.3,0,0,0,0,0,0,1,0,0,0,1,1,0,1,1,1,1,46,1,1,3,21702,1
369,5,6,2,6,3,2,3,1,3,3,6,2,34.825,0.333333333,0,0,0,0,0,0,1,0,0,0,1,1,0,1,1,1,1,41,0,1,4,23229,2
370,4,5,6,5,3,3,3,4,6,4,7,4,149,0.5,0,1,0,0,0,0,0,0,0,0,0,0,0,1,1,1,0,39,1,1,2,7726,2
371,5,6,6,5,4,5,6,4,1,7,3,5,44,0.058823529,0,0,1,0,0,0,0,0,0,0,1,0,0,1,0,1,1,30,1,2,3,22015,1
372,5,3,2,2,3,2,3,3,5,4,4,4,24.2078125,1.454545455,1,0,0,0,0,0,0,0,0,0,1,1,1,1,1,1,1,40,1,1,2,19103,2
373,2,1,1,1,4,3,1,1,2,3,3,4,22,0.5,0,0,0,0,1,0,0,0,0,0,0,0,0,1,1,1,0,34,0,1,4,8053,2
374,4,3,7,3,4,3,3,3,5,3,3,4,32.25,1,0,0,0,1,0,0,0,0,0,0,0,0,0,1,1,1,0,39,0,1,3,19027,2
375,4,4,1,3,4,3,3,2,1,3,3,3,22.5,0.272727273,0,0,0,0,0,0,0,0,0,0,0,0,0,1,1,1,0,42,1,1,2,20866,2
376,7,5,5,4,3,2,3,4,3,5,6,4,40.14015152,8.25,0,0,0,0,0,0,0,0,1,0,0,1,0,1,1,1,1,33,0,1,3,20009,1
377,4,3,5,2,3,6,2,7,3,6,3,6,45.0212766,2.764705882,0,0,1,0,0,0,0,0,0,0,1,0,1,1,1,0,1,28,0,1,4,21228,1
378,4,5,1,6,4,4,3,3,3,4,4,3,31.24444444,3.272727273,0,0,0,0,0,1,0,0,0,0,0,0,0,1,1,1,0,42,1,1,2,20147,3
379,5,4,4,4,3,5,2,4,3,5,7,6,18.01818182,0.47826087,0,0,0,1,0,0,0,0,0,0,1,0,1,1,0,0,0,24,1,1,3,22181,1
380,7,5,6,5,5,4,6,4,4,7,3,5,30,0.333333333,0,0,1,0,0,0,0,0,0,0,1,1,1,1,1,0,1,25,1,2,4,19010,1
381,5,5,3,5,4,3,3,3,4,4,4,4,29.57894737,1.055555556,0,0,0,0,1,0,0,0,0,0,0,0,0,1,1,1,0,36,0,1,2,22630,2
382,1,3,5,2,4,3,2,2,4,3,3,3,27.41066667,6.25,0,0,0,0,0,0,0,0,0,0,1,1,1,1,1,1,1,46,1,1,2,21093,2
383,2,3,6,1,4,3,2,1,3,3,4,4,16.66666667,0.75,0,0,0,1,0,0,0,0,0,0,1,0,1,1,1,1,1,36,1,1,2,8085,2
384,7,7,3,7,3,2,3,3,3,3,4,2,29.83333333,6,0,0,0,0,0,0,0,0,0,0,0,0,0,1,1,1,0,40,1,1,3,8065,3
385,3,4,4,4,3,3,3,3,5,3,5,2,57,0.125,0,0,0,0,0,0,0,0,0,1,1,1,1,1,1,1,0,41,0,1,3,22315,2
386,3,5,4,5,3,4,4,4,1,6,7,5,13.16666667,0.6,0,0,1,0,0,0,0,0,0,0,1,0,0,1,0,1,1,33,1,2,4,21158,1
387,6,6,5,5,3,5,6,4,1,7,5,5,19.3,0.714285714,0,0,1,0,0,0,0,0,0,0,1,1,1,1,0,1,1,35,1,2,3,21014,1
388,4,6,3,5,5,4,6,4,1,7,6,4,33.22727273,1.833333333,0,0,1,0,0,0,0,0,0,0,1,0,1,1,1,1,1,34,1,2,5,21093,1
389,4,5,4,5,3,4,5,4,1,6,6,5,29.84285714,0.636363636,0,0,1,0,0,0,0,0,0,0,1,0,1,1,0,1,1,28,1,1,3,19004,1
390,3,6,7,5,5,7,3,3,3,6,4,6,41.8030303,2.75,0,0,0,1,0,0,0,0,0,0,1,1,1,1,1,0,1,28,1,1,2,20009,1
391,3,3,4,2,5,6,2,3,3,5,7,7,38.975,0.181818182,0,0,0,1,0,0,0,0,0,0,1,0,1,1,0,0,1,25,0,1,4,19067,1
392,4,5,5,5,3,5,4,4,1,6,4,5,43.19,0.555555556,0,0,1,0,0,0,0,0,0,0,1,1,0,1,1,1,1,26,0,1,5,22315,1
393,1,5,3,6,3,5,4,5,2,2,6,2,63.60454546,2.75,0,0,1,0,0,0,0,0,0,0,1,1,0,1,0,1,1,40,1,2,3,22046,3
394,4,5,4,5,3,5,6,4,2,6,3,5,57.35714286,0.636363636,0,0,1,0,0,0,0,0,0,0,1,0,1,1,1,1,1,31,0,1,3,8060,1
395,4,5,3,4,2,4,5,5,2,5,7,4,49,0.172413793,0,0,1,0,0,0,0,0,0,0,0,0,0,1,0,1,1,35,0,2,5,8540,3
396,6,5,6,5,4,5,6,4,1,7,3,5,29.5,1,0,0,1,0,0,0,0,0,0,0,1,1,1,1,1,0,1,32,1,2,3,20109,1
397,3,7,4,7,3,5,6,7,3,6,3,4,17.4122807,4.384615385,0,0,1,0,0,0,0,0,0,0,0,0,0,1,0,1,1,39,0,2,3,8619,3
398,6,7,2,3,2,2,3,4,4,4,4,4,30.92025641,4.105263158,0,0,0,0,0,0,0,0,0,0,0,1,1,1,1,1,0,41,0,1,3,20147,3
399,5,5,5,5,3,5,2,4,3,5,4,6,19.54516129,5.166666667,0,0,0,1,0,0,0,0,0,0,1,0,0,1,1,0,1,30,0,1,3,22041,1
400,6,4,3,4,3,1,3,1,3,3,7,3,14.36666667,1.2,0,1,0,0,0,0,0,0,0,0,1,0,0,1,1,1,0,41,1,1,3,19020,2
401,6,7,7,4,5,6,6,4,4,7,7,5,11,0.8,0,0,1,0,0,0,0,0,0,0,1,1,1,1,1,0,1,25,1,2,5,22901,1
402,5,5,6,5,4,6,5,4,5,7,3,5,41.8,0.555555556,0,0,1,0,0,0,0,0,0,0,1,0,0,1,0,1,1,32,0,2,5,21163,1
403,4,6,1,6,1,3,3,5,3,2,4,1,17.75,0.25,0,0,0,0,1,0,0,0,0,0,1,1,1,1,1,1,1,39,0,1,3,19135,3
404,5,4,4,4,5,6,2,3,3,6,5,6,24.61857143,1.75,0,0,0,1,0,0,0,0,0,0,1,0,1,1,0,0,1,29,1,1,3,20158,1
405,5,3,5,6,4,4,6,3,6,4,7,4,18.34615385,1,0,0,0,0,0,0,0,1,0,0,0,0,1,1,0,0,1,26,1,1,2,21218,1
406,5,5,5,5,3,5,6,4,5,6,4,4,29.56428571,0.4375,0,0,1,0,0,0,0,0,0,0,1,1,1,1,1,0,1,29,1,2,3,21122,1
407,4,7,5,4,4,3,3,3,4,4,5,4,32.7,3.666666667,0,0,0,0,0,0,0,0,1,0,1,1,1,1,1,1,0,41,1,1,3,21157,2
408,4,5,5,4,3,5,6,4,4,6,4,4,45.46290323,2.384615385,0,0,1,0,0,0,0,0,0,0,1,0,0,1,0,1,1,31,0,2,5,22124,1
409,4,2,6,3,4,4,3,3,3,4,4,4,104,1.5,0,0,0,0,0,1,0,0,0,0,1,1,1,1,1,1,1,40,1,1,3,19067,2
410,4,3,6,3,4,7,2,7,3,5,4,7,48.5,0.225806452,0,0,0,1,0,0,0,0,0,0,0,1,1,1,0,0,0,28,0,1,1,8204,1
411,4,3,4,3,3,6,2,7,3,6,3,6,24.55714286,2.625,0,0,0,1,0,0,0,0,0,0,1,1,1,1,0,0,1,25,0,1,3,19154,1
412,3,4,6,1,4,3,3,1,3,4,5,4,22.73125,0.32,0,0,0,0,0,0,0,0,0,1,1,1,1,1,1,1,0,41,1,1,3,20854,2
413,6,6,4,4,3,4,6,4,6,7,5,4,42.83333333,0.375,0,0,1,0,0,0,0,0,0,0,1,0,1,1,0,1,1,28,0,2,4,22033,1
414,5,7,5,5,4,4,6,4,4,7,6,5,7.5,1,0,0,1,0,0,0,0,0,0,0,1,0,0,1,0,1,1,35,1,2,3,22030,1
415,4,6,7,1,5,7,6,4,4,7,4,4,24.925,2,0,0,1,0,0,0,0,0,0,0,1,0,0,1,0,1,1,29,0,2,5,20124,1
416,4,4,4,4,3,2,4,1,3,3,5,3,19.75,1,0,0,0,0,1,0,0,0,0,0,0,1,0,1,1,1,1,39,0,1,4,22401,2
417,5,6,1,4,2,4,3,3,5,4,7,3,38,0.064516129,0,0,0,0,0,0,0,0,0,1,1,1,1,1,1,1,1,41,0,1,4,20816,3
418,3,6,4,4,3,6,6,4,3,7,4,4,31.31818182,0.846153846,0,0,1,0,0,0,0,0,0,0,1,0,0,1,0,1,1,31,0,2,4,18901,1
419,2,3,3,4,3,5,3,5,3,3,3,3,22.43657407,3.857142857,0,0,1,0,0,0,0,0,0,0,1,1,0,1,1,1,1,40,1,2,4,8648,2
420,2,1,4,6,4,3,1,3,4,3,6,4,38.75,0.153846154,0,0,0,0,0,1,0,0,0,0,1,1,1,1,1,1,1,32,0,1,2,20904,2
421,6,5,7,1,6,6,6,4,5,5,3,5,46.3,3.333333333,0,0,0,1,0,0,0,0,0,0,0,1,1,1,1,0,1,32,1,2,3,21044,1
422,4,4,4,7,4,3,3,2,5,3,3,3,18.25,0.117647059,0,0,0,0,0,1,0,0,0,0,0,0,0,1,1,1,0,38,1,1,2,19046,2
423,4,4,6,6,4,4,3,3,4,4,4,4,27.83333333,0.75,0,0,0,1,0,0,0,0,0,0,0,0,0,1,1,1,0,32,1,1,3,8054,2
424,3,3,1,7,2,4,3,7,1,3,4,2,59,0.5,0,0,1,0,0,0,0,0,0,0,0,0,0,1,0,1,1,38,0,2,3,7726,3
425,2,4,4,2,4,3,3,2,2,3,4,2,33.125,0.333333333,0,0,0,1,0,0,0,0,0,0,1,0,0,1,1,1,1,39,0,1,3,20707,2
426,4,4,4,5,3,4,4,5,1,6,3,5,129,0.035714286,0,0,1,0,0,0,0,0,0,0,1,0,1,1,0,1,1,40,1,2,3,21234,1
427,3,5,2,4,2,3,4,4,1,3,4,2,14.43125,0.888888889,0,0,1,0,0,0,0,0,0,0,1,1,1,1,1,1,1,35,0,2,3,21771,3
428,2,4,4,7,3,5,4,5,3,5,4,4,20.4875,0.333333333,0,0,1,0,0,0,0,0,0,0,0,1,1,1,1,1,1,44,1,2,5,21212,3
429,4,4,4,3,3,2,4,1,2,3,4,3,155.5,0.5,0,0,0,0,0,0,0,1,0,0,1,0,0,1,1,1,1,39,0,1,4,8234,2
430,4,4,5,3,3,6,4,6,3,5,4,6,12.53448276,6.444444444,0,0,0,1,0,0,0,0,0,0,1,0,1,1,0,0,0,28,1,1,3,22079,1
431,4,6,3,4,3,4,5,4,3,6,6,3,29.64285714,0.583333333,0,0,1,0,0,0,0,0,0,0,1,1,1,1,1,1,1,38,0,2,3,23229,3
432,4,7,5,5,4,5,5,4,3,7,3,5,41.095,0.5,0,0,1,0,0,0,0,0,0,0,1,0,1,1,0,1,1,33,0,2,4,22180,1
433,3,7,2,5,2,3,3,4,1,4,6,2,37.77857143,1.842105263,0,0,1,0,0,0,0,0,0,0,1,0,0,1,1,1,1,39,1,2,4,20148,3
434,4,4,6,4,4,6,2,5,3,5,3,7,35.529,4.347826087,0,0,0,1,0,0,0,0,0,0,1,0,1,1,0,0,0,25,1,1,5,22310,1
435,5,5,2,7,2,4,6,6,1,5,4,2,48.85714286,0.291666667,0,0,1,0,0,0,0,0,0,0,1,0,0,1,1,1,1,37,0,2,4,20723,3
436,6,4,7,6,5,4,6,3,5,5,6,5,89,0.0625,1,0,0,0,0,0,0,0,0,0,1,1,1,1,1,0,1,31,1,2,2,8012,1
437,4,7,6,5,4,6,6,4,3,7,4,4,36.323,7.142857143,0,0,1,0,0,0,0,0,0,0,1,0,1,1,1,1,1,33,1,2,5,19053,1
438,4,4,4,5,3,2,3,2,1,3,4,2,129,0.111111111,0,0,0,0,0,1,0,0,0,0,1,0,0,1,1,1,0,41,0,1,3,20723,2
439,4,1,7,3,5,4,3,3,4,3,3,4,25.66071429,1.68,0,0,0,1,0,0,0,0,0,0,1,1,1,1,1,1,1,39,1,1,2,19446,2
440,2,5,3,7,2,5,6,7,3,2,4,1,23.41842105,4.75,0,0,0,1,0,0,0,0,0,0,1,0,1,1,1,1,1,38,0,2,3,21234,3
441,3,7,6,4,4,6,5,6,3,5,4,7,42.41388889,2.571428571,0,0,0,1,0,0,0,0,0,0,1,1,1,1,0,0,1,24,1,1,4,21702,1
442,7,6,4,4,4,2,3,3,4,6,4,3,45,0.166666667,0,0,0,0,0,0,0,1,0,0,1,1,1,1,1,1,1,32,0,1,3,8610,2
443,4,1,5,3,4,3,3,3,4,3,6,4,32.37978142,8.318181818,0,0,1,0,0,0,0,0,0,0,1,0,0,1,1,1,0,39,0,1,3,19002,2
444,5,5,5,5,3,4,6,4,3,7,3,4,20.31666667,0.230769231,0,0,1,0,0,0,0,0,0,0,1,0,1,1,0,1,1,25,1,2,3,20136,1
445,5,4,3,4,3,4,3,4,2,3,3,3,76.5,0.111111111,0,0,0,0,0,0,0,0,0,1,1,0,0,1,1,1,0,40,0,1,2,20110,2
446,2,4,3,7,2,5,6,7,2,5,3,3,29.5,1.272727273,0,0,0,1,0,0,0,0,0,0,0,0,1,1,1,1,1,42,0,2,3,21401,3
447,4,6,5,3,4,3,3,1,3,4,4,4,23,0.5,0,0,1,0,0,0,0,0,0,0,0,0,1,1,1,1,0,39,0,1,3,19083,2
448,4,5,4,3,3,4,6,4,3,7,7,4,35.66666667,0.272727273,0,0,1,0,0,0,0,0,0,0,1,0,1,1,0,1,1,27,0,2,3,23229,1
449,5,3,5,5,4,5,5,4,3,7,3,5,43,0.166666667,0,0,1,0,0,0,0,0,0,0,1,1,0,1,1,1,1,32,0,2,4,18901,1
450,4,3,4,2,4,3,3,3,6,3,4,4,30,0.5,0,0,0,0,0,0,1,0,0,0,0,0,1,1,1,1,0,40,0,1,3,8620,2
451,3,7,6,3,4,6,4,5,3,5,4,7,24.0625,2.285714286,0,0,0,1,0,0,0,0,0,0,1,1,1,1,0,0,0,27,0,1,5,8620,1
452,5,5,3,4,3,1,3,2,2,3,4,2,58.326,10,0,0,0,0,0,1,0,0,0,0,1,1,1,1,1,1,1,41,0,1,2,22201,2
453,5,6,7,5,5,4,6,2,3,5,5,5,22.33333333,2.4,0,0,0,0,0,0,0,1,0,0,0,0,1,1,0,0,1,26,1,1,3,23229,1
454,5,4,7,4,5,5,6,4,5,4,4,5,8.545454546,0.611111111,0,0,0,0,0,0,0,0,1,0,1,1,1,1,1,0,1,31,1,1,2,22911,1
455,4,7,3,6,2,3,6,4,1,2,4,1,49,0.5,0,0,0,1,0,0,0,0,0,0,1,1,1,1,1,1,1,37,1,2,4,20148,3
456,4,4,5,3,4,3,3,1,5,4,4,4,46.2,0.625,0,0,1,0,0,0,0,0,0,0,1,1,1,1,1,1,0,42,1,1,1,20853,2
457,2,5,2,7,2,5,6,7,3,1,4,1,26,1.428571429,0,0,0,1,0,0,0,0,0,0,0,0,1,1,1,1,1,36,1,2,3,20155,3
458,1,1,4,1,3,3,1,4,4,1,4,2,33.71428571,0.875,0,0,0,0,1,0,0,0,0,0,1,1,1,1,1,1,1,39,0,1,3,20904,2
459,3,5,4,5,4,6,5,5,2,5,4,7,35.8625,1.333333333,0,0,0,1,0,0,0,0,0,0,1,1,1,1,0,0,1,31,1,1,5,8648,1
460,3,4,4,4,4,3,3,2,3,3,4,2,29.8390625,1.684210526,0,1,0,0,0,0,0,0,0,0,0,0,0,1,1,1,0,41,0,1,4,20815,2
461,4,5,6,7,4,7,3,7,3,5,3,6,27.5,0.352941177,0,0,0,1,0,0,0,0,0,0,1,1,1,1,0,0,0,29,1,1,2,19149,1
462,2,3,7,2,5,4,1,1,2,1,4,3,21.14285714,0.388888889,0,0,0,0,0,0,0,0,1,0,0,0,1,1,1,1,0,43,1,1,1,22044,2
463,4,5,7,4,3,3,4,4,2,2,3,3,28.25,1.428571429,0,0,0,0,0,0,0,0,1,0,1,0,0,1,1,1,0,40,1,1,3,22315,2
464,6,4,5,3,5,4,4,3,3,5,2,3,26.72668712,8.578947368,0,0,0,0,1,0,0,0,0,0,0,0,0,1,1,1,0,34,0,1,2,20816,2
465,5,6,6,4,5,4,2,3,4,5,6,3,26.1875,0.533333333,0,0,0,0,0,0,0,1,0,0,0,0,0,1,1,1,0,34,0,1,3,20814,1
466,4,6,3,5,4,6,7,4,3,7,6,4,23.85714286,0.7,0,0,0,1,0,0,0,0,0,0,1,0,0,1,0,1,1,32,0,2,3,8016,1
467,4,7,5,5,4,6,7,4,3,7,4,4,37.57142857,0.636363636,0,0,0,1,0,0,0,0,0,0,1,1,1,1,1,1,1,35,1,2,5,23229,1
468,1,1,5,1,4,3,1,2,4,3,4,4,29.49985916,6.454545455,0,0,0,0,1,0,0,0,0,0,1,1,1,1,1,1,1,34,0,1,2,22310,2
469,1,5,1,4,3,5,4,4,1,4,4,3,34,1,0,0,0,0,0,0,0,0,0,0,1,0,1,1,1,1,1,36,1,2,3,8225,3
470,3,3,4,1,3,2,1,1,5,3,4,3,35.45454546,0.423076923,0,0,0,1,0,0,0,0,0,0,0,0,0,1,1,1,0,33,1,1,3,20170,2
471,2,2,1,2,2,3,3,5,5,1,4,2,23.72241379,1.380952381,0,0,0,0,1,0,0,0,0,0,0,0,1,1,1,1,0,41,1,1,3,22206,2
472,3,4,4,4,3,3,1,4,4,3,6,2,20.89919355,2.48,0,0,0,0,0,1,0,0,0,0,1,1,1,1,1,1,1,42,1,1,3,20817,2
473,3,5,5,5,3,6,6,4,3,7,4,5,46.15789474,0.904761905,0,0,0,1,0,0,0,0,0,0,1,0,1,1,0,1,1,36,0,2,4,18940,1
474,4,4,2,4,4,3,1,3,4,3,5,3,34.625,1.2,0,0,0,0,1,0,0,0,0,0,0,0,0,1,1,1,0,35,1,1,4,8648,2
475,6,5,5,4,3,6,7,4,3,7,6,4,42.25,0.235294118,0,0,0,1,0,0,0,0,0,0,1,1,1,1,1,1,1,37,0,1,5,21401,1
476,4,4,6,5,4,6,2,7,3,5,4,6,71.88888889,0.5,0,0,0,1,0,0,0,0,0,0,1,0,0,1,0,1,0,24,0,2,5,18901,1
477,2,4,5,4,2,5,4,6,3,4,4,3,37,0.322580645,0,0,0,0,1,0,0,0,0,0,0,0,0,1,1,1,1,44,1,2,3,19446,3
478,5,4,5,3,4,2,3,1,2,3,3,3,43.20714286,0.291666667,0,1,0,0,0,0,0,0,0,0,1,1,1,1,1,1,1,46,0,1,3,8520,2
479,6,7,2,6,3,4,6,4,2,5,3,4,50.38461539,0.590909091,0,0,0,0,1,0,0,0,0,0,0,0,0,1,1,1,1,30,1,2,4,20912,3
480,5,7,4,5,3,4,7,5,1,3,3,4,37.06428571,0.304347826,0,0,0,0,0,1,0,0,0,0,1,1,1,1,1,1,1,44,0,2,4,8620,3
481,4,4,5,4,4,3,3,2,3,4,4,3,32.03846154,6.5,0,0,0,0,0,0,0,0,1,0,1,0,0,1,1,1,0,41,1,1,2,20176,2
482,6,6,3,6,3,1,3,1,3,3,6,2,52.91041667,1,0,1,0,0,0,0,0,0,0,0,1,1,1,1,1,1,1,41,0,1,3,20015,2
483,4,4,5,4,4,6,4,5,2,5,3,6,39.16611111,0.947368421,0,0,0,0,1,0,0,0,0,0,1,0,1,1,1,0,1,30,0,1,2,8107,1
484,4,3,6,1,4,3,4,1,4,4,3,3,37.7,0.625,0,0,0,0,0,0,0,1,0,0,1,0,1,1,0,1,1,34,0,1,3,21074,2
485,2,4,3,4,3,2,3,2,4,2,4,1,41.22666667,0.652173913,0,1,0,0,0,0,0,0,0,0,1,1,1,0,0,1,0,44,0,1,4,19067,2
486,3,4,2,4,2,4,5,5,1,4,6,3,24.07894737,0.95,0,0,0,0,0,1,0,0,0,0,0,0,0,0,1,1,1,35,1,2,3,22901,3
487,4,5,4,5,3,5,4,7,3,6,3,5,39,0.125,0,0,0,1,0,0,0,0,0,0,1,1,1,0,0,1,0,37,1,2,5,20817,1
488,4,5,2,5,2,4,7,6,2,4,7,3,29.52758621,2.071428571,0,0,0,0,0,1,0,0,0,0,1,0,0,0,1,1,1,42,0,2,3,20879,3
489,5,5,6,4,4,5,7,7,3,7,3,4,28.38409091,1.692307692,0,0,0,1,0,0,0,0,0,0,1,1,1,0,1,1,0,32,1,2,3,8724,1
490,3,7,3,7,3,5,7,6,2,3,3,2,38.13928571,0.608695652,0,0,0,0,0,1,0,0,0,0,1,1,1,1,1,1,1,34,0,2,5,22015,3
491,3,4,3,4,2,5,5,6,1,4,4,4,24.71428571,1.166666667,0,0,0,0,0,1,0,0,0,0,1,0,1,1,1,1,1,38,0,2,5,22101,3
492,5,4,4,3,5,6,2,3,3,5,3,7,29.5,0.5,0,0,0,0,1,0,0,0,0,0,0,1,1,1,1,0,1,25,1,1,5,22003,1
493,3,3,5,2,4,3,4,1,4,3,6,4,38.5,0.083333333,0,0,0,0,0,0,0,0,1,0,1,1,1,1,1,1,1,36,0,1,3,8234,2
494,6,5,5,4,3,6,4,7,3,7,3,5,15.78214286,1,0,0,0,1,0,0,0,0,0,0,1,0,0,0,0,1,0,32,0,1,3,8080,1
495,5,4,4,3,3,2,3,2,3,4,4,4,17.178,5,0,0,1,0,0,0,0,0,0,0,1,0,0,0,0,1,0,35,1,1,4,21032,2
496,3,5,2,5,2,4,5,5,1,4,4,2,12.85526316,2.235294118,0,0,0,0,0,1,0,0,0,0,1,1,1,1,1,1,1,45,1,1,5,8753,3
497,3,4,5,4,4,3,3,3,3,3,3,3,45.45151515,1.65,0,1,0,0,0,0,0,0,0,0,1,0,0,0,1,1,0,40,1,1,3,21209,2
498,6,7,2,7,2,4,7,6,2,1,6,1,22.56818182,1.047619048,0,0,0,0,0,1,0,0,0,0,1,1,1,1,1,1,1,39,0,1,3,8302,3
499,6,5,5,4,4,6,4,7,3,7,4,5,22.79166667,2.181818182,0,0,0,1,0,0,0,0,0,0,1,1,1,1,1,1,1,35,0,2,5,7728,1
500,5,4,5,1,3,6,3,5,2,5,3,6,56.31818182,3.666666667,0,0,0,0,1,0,0,0,0,0,1,1,1,0,0,0,0,30,0,2,5,8753,1
501,2,5,2,7,2,5,3,7,1,3,3,2,29.625,0.5,0,0,0,0,0,1,0,0,0,0,1,0,0,1,1,1,1,35,1,1,5,22043,3
502,3,5,3,4,3,5,4,5,1,5,4,3,24.125,0.888888889,0,0,0,0,0,1,0,0,0,0,1,1,0,1,1,1,1,38,1,1,5,21108,3
503,6,5,7,6,5,4,5,2,6,5,4,5,25.0952381,1.75,0,0,0,1,0,0,0,0,0,0,1,0,1,0,0,0,0,34,1,1,3,22150,1
504,4,5,3,7,2,4,7,4,1,2,3,2,32.75,0.5,0,0,0,0,0,1,0,0,0,0,1,0,0,1,1,1,1,33,0,1,5,20165,3
505,3,5,2,7,2,3,4,4,2,1,6,1,20.25,0.8,0,0,0,0,0,1,0,0,0,0,1,1,0,1,1,1,1,45,1,1,5,21131,3
506,5,5,4,4,5,6,2,4,3,5,4,7,26.02575758,3.882352941,0,0,0,0,1,0,0,0,0,0,1,1,1,0,1,0,1,25,1,1,5,21228,1
507,4,3,2,7,2,4,7,5,2,5,4,3,39.375,1.6,0,0,0,0,0,1,0,0,0,0,1,1,0,1,1,1,1,44,1,1,5,8080,3
508,3,4,2,7,2,3,4,4,1,1,4,1,51,0.142857143,0,0,0,0,0,1,0,0,0,0,1,0,0,1,1,1,1,38,0,1,5,8816,3
509,4,6,5,5,4,3,3,3,4,3,4,4,45,0.043478261,0,0,1,0,0,0,0,0,0,0,1,1,1,0,1,1,1,40,1,1,3,22042,2
510,4,1,4,2,3,6,2,6,2,6,3,6,11.96875,0.333333333,0,0,0,0,1,0,0,0,0,0,1,0,1,0,0,0,0,26,1,1,2,20782,1
511,3,1,5,1,4,3,3,1,4,3,4,4,49,0.111111111,0,0,1,0,0,0,0,0,0,0,1,0,1,0,0,1,0,39,0,1,1,22310,2
512,3,4,5,6,4,6,5,5,3,5,4,7,28.96764706,1.307692308,0,0,0,0,1,0,0,0,0,0,1,0,1,0,0,0,0,27,0,1,2,18901,1
513,6,2,6,1,5,3,5,2,5,5,5,5,52.83333333,0.24,0,0,0,0,0,0,0,0,1,0,0,0,1,0,0,0,1,30,1,1,2,23113,2
514,6,7,4,4,3,6,5,7,3,6,7,5,24.28214286,2.8,0,0,0,1,0,0,0,0,0,0,1,1,1,0,0,1,1,38,1,1,3,22182,1
515,5,6,5,5,4,6,7,7,3,7,7,5,37.58333333,1,0,0,0,1,0,0,0,0,0,0,1,1,1,0,1,1,1,36,1,2,5,22152,1
516,3,5,5,5,4,6,7,7,3,7,3,4,88.69,0.263157895,0,0,0,1,0,0,0,0,0,0,1,1,1,0,0,1,1,40,1,2,5,22911,1
517,3,4,2,4,2,5,3,7,1,4,4,3,27.9820339,2.565217391,0,0,0,0,0,1,0,0,0,0,1,1,0,1,1,1,1,44,0,1,5,19083,3
518,2,7,4,4,3,5,4,5,3,3,5,4,47,0.6875,0,0,0,0,0,1,0,0,0,0,1,1,0,1,0,1,0,40,1,1,5,20112,3
519,4,5,5,4,3,3,4,3,4,4,7,3,6.7375,0.4,0,0,1,0,0,0,0,0,0,0,1,0,1,0,1,1,1,40,1,1,3,22026,2
520,5,3,4,5,3,5,7,7,3,6,3,4,36.73333333,2.5,0,0,0,1,0,0,0,0,0,0,1,0,0,0,0,1,1,33,1,1,3,21046,1
521,3,2,6,3,4,3,3,1,3,4,3,4,19.63928571,1.866666667,0,1,0,0,0,0,0,0,0,0,0,0,0,0,0,1,0,41,1,2,2,22407,2
522,3,4,1,5,1,2,5,4,1,2,3,1,49.5,0.142857143,0,0,0,0,0,1,0,0,0,0,1,1,0,1,0,1,0,44,0,1,5,21701,3
523,5,7,2,7,2,4,7,6,2,5,6,3,15.49642857,1.647058824,0,0,0,0,0,1,0,0,0,0,1,1,0,1,1,1,1,36,1,1,5,21146,3
524,6,6,6,5,4,4,7,7,3,5,3,4,39.99444444,0.375,0,0,0,1,0,0,0,0,0,0,1,0,0,0,0,1,1,26,0,2,3,8068,1
525,5,5,5,5,4,2,3,2,2,4,4,3,59,0.222222222,0,0,0,0,1,0,0,0,0,0,0,0,0,0,0,1,0,35,0,1,3,21702,2
526,4,7,7,1,6,3,3,1,4,6,4,3,49,0.4,0,0,1,0,0,0,0,0,0,0,0,1,0,0,1,1,1,32,0,1,3,19135,2
527,5,1,4,7,4,2,4,1,2,3,5,3,20.865,4.444444444,0,1,0,0,0,0,0,0,0,0,1,1,1,0,1,1,0,42,0,2,3,20815,2
528,3,5,6,1,4,5,4,7,3,5,4,4,33.625,2.666666667,0,0,0,0,1,0,0,0,0,0,1,1,1,0,1,1,1,37,0,1,3,21044,1
529,6,1,5,7,4,2,3,2,3,5,3,4,42.94,1.111111111,0,1,0,0,0,0,0,0,0,0,0,0,1,0,1,1,0,39,0,1,3,8035,2
530,4,5,4,6,4,3,3,3,5,3,4,3,39,0.333333333,0,0,0,0,0,1,0,0,0,0,1,1,1,0,1,1,1,40,1,2,2,8873,2
531,4,1,5,4,4,4,3,5,5,4,4,4,39.42931035,3.625,0,0,1,0,0,0,0,0,0,0,1,1,1,0,1,1,1,42,1,1,4,7726,2
532,4,6,2,2,2,4,4,4,1,5,4,3,22.28571429,0.777777778,0,0,0,0,0,0,0,0,0,1,1,1,1,0,1,1,1,39,1,1,3,20186,3
533,4,2,3,6,3,1,3,1,3,3,3,3,29,0.1875,0,0,0,0,0,0,0,0,0,0,0,0,0,0,0,1,0,32,1,2,4,20910,2
534,3,4,4,3,4,4,4,4,4,2,7,3,14.68,3.125,0,0,0,0,0,0,0,0,0,1,1,1,1,0,1,1,0,42,1,2,3,8648,2
535,4,5,5,5,4,6,7,7,4,5,1,5,19,0.117647059,0,0,0,0,1,0,0,0,0,0,1,1,1,0,1,1,1,39,0,1,3,7728,1
536,2,7,2,4,2,2,3,4,1,2,4,1,11.33333333,0.6,0,0,0,0,0,1,0,0,0,0,1,1,0,1,0,1,0,40,1,1,5,21401,3
537,5,6,6,4,5,4,7,4,5,4,4,5,19.66666667,1.5,0,0,0,0,1,0,0,0,0,0,1,1,1,0,1,0,1,27,1,1,2,20905,1
538,5,4,2,1,2,1,3,1,4,2,7,2,14.09090909,0.6875,0,0,0,0,0,0,0,0,1,0,1,1,1,0,1,1,0,44,0,1,2,22015,2
539,5,5,5,1,4,6,4,7,3,6,3,5,63.3,2.5,0,0,0,0,1,0,0,0,0,0,1,0,0,0,0,1,1,28,0,1,3,20882,1
540,3,6,2,5,2,4,5,6,1,4,7,3,25.12857143,0.466666667,0,0,0,0,0,1,0,0,0,0,1,1,0,1,1,1,1,42,1,1,5,7728,3
541,4,5,5,1,4,5,4,4,3,7,3,4,43.33333333,0.15,0,0,0,0,1,0,0,0,0,0,1,1,0,0,1,1,1,28,0,1,3,21210,1
542,4,4,6,3,4,3,3,1,5,4,7,3,9.75,0.083333333,0,1,0,0,0,0,0,0,0,0,0,0,0,0,0,1,0,38,0,2,3,20176,2
543,6,7,4,5,3,5,7,4,3,7,6,5,46.90192308,1.130434783,0,0,0,0,1,0,0,0,0,0,1,0,0,0,0,1,1,33,0,1,3,8721,1
544,7,6,7,5,6,5,7,4,6,6,4,5,10.5,0.153846154,0,0,0,0,0,0,0,1,0,0,1,1,1,0,1,0,1,25,1,1,3,22152,1
545,3,5,5,4,4,3,3,2,3,3,3,3,35.56447368,2.375,0,0,0,0,0,1,0,0,0,0,1,1,1,0,1,1,1,39,1,1,1,20759,2
546,2,5,1,4,2,3,3,4,1,4,3,2,34.03,1,0,0,0,0,0,1,0,0,0,0,0,0,0,1,0,1,0,38,0,2,4,8540,3
547,2,4,1,3,2,1,4,3,5,1,3,1,32.13958333,2,0,0,0,0,0,0,0,0,1,0,0,0,0,0,0,1,0,40,0,1,4,22204,2
548,4,4,2,7,2,4,7,7,1,5,4,2,40.59109589,4.5625,0,0,0,0,0,1,0,0,0,0,0,0,0,1,0,1,0,41,0,1,4,20008,3
549,7,2,3,3,3,1,3,1,4,3,5,3,63.26086957,0.851851852,0,0,0,0,0,0,0,0,1,0,0,0,0,0,0,1,0,43,0,1,1,20912,2
550,4,4,7,4,6,3,3,2,3,3,5,3,20.28928571,3.5,0,0,0,1,0,0,0,0,0,0,0,0,0,0,0,1,0,36,1,1,4,18966,2
551,4,7,3,5,2,4,4,4,1,5,4,4,38.14705882,0.566666667,0,0,0,0,0,1,0,0,0,0,1,1,0,1,1,1,0,40,1,1,3,20882,3
552,2,3,5,1,4,3,2,2,3,1,3,3,24.23421053,0.612903226,0,0,0,0,0,0,0,0,1,0,0,0,0,0,0,1,0,41,0,1,2,22031,2
553,3,4,2,4,2,3,4,5,1,5,4,4,34.76767677,8.25,0,0,0,0,0,1,0,0,0,0,0,1,0,1,1,1,0,44,0,2,3,8873,3
554,4,1,6,4,5,4,3,3,4,3,7,4,31,0.0625,0,0,0,0,0,0,0,0,1,0,1,1,1,0,1,1,0,42,0,1,2,20815,2
555,6,7,4,5,3,5,7,4,3,6,3,5,38.20493274,12.38888889,0,0,0,0,1,0,0,0,0,0,1,0,1,0,1,1,1,33,0,1,3,22407,1
556,3,1,4,1,4,3,4,3,5,3,5,4,27.14285714,1.75,0,0,0,0,0,0,0,0,1,0,1,0,1,0,0,1,1,39,0,1,3,21044,2
557,5,5,5,4,3,4,7,4,3,4,3,4,18.76071429,1.75,0,0,0,0,1,0,0,0,0,0,1,0,1,0,0,1,1,31,0,1,5,8648,1
558,5,6,4,5,3,4,7,4,2,3,3,3,14.36875,0.727272727,0,0,0,0,0,0,1,0,0,0,0,0,0,1,0,1,1,31,0,1,5,21701,3
559,3,5,5,3,4,3,3,1,3,3,3,3,54.5,0.666666667,0,0,1,0,0,0,0,0,0,0,0,0,0,0,0,1,0,38,0,1,4,19111,2
560,5,6,6,3,4,3,3,1,4,4,3,4,22.75,0.222222222,0,0,0,0,0,0,0,1,0,0,1,1,1,0,1,1,1,32,0,1,3,20906,2
561,3,7,4,4,3,2,3,2,4,2,4,2,14.125,0.470588235,0,0,1,0,0,0,0,0,0,0,1,1,1,0,0,1,0,46,1,1,3,8753,2
562,5,5,3,3,3,4,4,4,3,2,4,3,38,0.272727273,0,0,0,0,0,0,0,0,0,0,1,1,1,0,1,1,0,44,1,2,3,20194,2
563,3,4,1,4,3,3,3,2,3,3,5,3,125,1.2,0,0,0,0,1,0,0,0,0,0,0,0,0,0,0,1,0,39,0,1,2,22611,2
564,5,6,6,5,4,4,2,4,3,5,3,3,39.33333333,1.5,0,0,0,0,1,0,0,0,0,0,1,1,1,0,1,1,1,33,0,1,3,21035,1
565,4,4,5,2,6,3,4,1,6,4,4,3,35.96969697,1.5,0,0,1,0,0,0,0,0,0,0,0,0,0,0,0,1,0,39,0,1,3,22304,2
566,3,4,2,3,1,3,4,4,5,2,4,2,18.25,0.444444444,0,0,1,0,0,0,0,0,0,0,1,1,1,0,1,1,1,40,0,1,3,21042,2
567,6,4,1,3,5,1,3,3,5,3,5,3,33.5,0.055555556,0,0,0,0,0,0,0,1,0,0,1,1,1,0,1,1,1,33,0,1,3,7728,2
568,3,5,7,4,2,3,3,4,5,5,3,3,30.88625,1.538461539,0,0,0,0,0,0,0,0,0,1,1,1,1,0,1,1,1,40,0,2,3,21093,2
569,2,2,6,1,2,4,3,2,3,1,3,4,103.5,0.2,0,0,0,0,0,0,0,0,1,0,1,1,1,0,1,1,1,39,0,1,3,22032,2
570,2,5,7,5,5,3,2,2,3,2,6,1,24.87464789,4.733333333,0,0,0,1,0,0,0,0,0,0,1,1,1,0,1,1,1,33,1,1,3,8648,2
571,7,6,7,5,5,5,5,3,7,6,4,5,15.72222222,0.75,0,0,0,0,0,0,1,0,0,0,0,0,1,0,0,0,1,29,1,2,3,8098,1
572,4,6,5,6,4,3,3,4,1,4,6,2,53.1875,1.333333333,0,0,0,0,0,1,0,0,0,0,1,0,0,0,0,1,1,39,0,1,3,22304,3
573,6,5,5,4,4,5,6,4,3,7,4,4,22.36578947,0.612903226,0,0,0,0,1,0,0,0,0,0,1,0,1,0,0,1,1,25,0,1,3,21204,1
574,7,4,7,3,7,2,6,3,3,5,7,5,35.51971831,7.1,0,0,0,0,0,0,0,1,0,0,0,1,1,0,1,0,1,28,0,1,3,8691,1
575,5,7,5,5,4,5,7,4,3,7,4,4,34.13823529,3.4,0,0,0,0,1,0,0,0,0,0,1,1,1,0,1,0,1,25,0,1,3,21032,1
576,4,5,7,5,1,4,3,4,5,6,6,4,33.50555556,1.5,0,0,0,1,0,0,0,0,0,0,1,1,1,0,1,1,1,32,1,1,3,22124,1
577,4,7,7,5,7,5,2,4,5,6,3,6,32.5,1.333333333,0,0,0,0,1,0,0,0,0,0,1,0,1,0,0,0,1,30,0,1,5,22124,1
578,5,4,3,1,5,3,4,1,3,5,5,3,11.89111111,1.875,0,0,0,0,0,0,0,1,0,0,0,0,0,0,0,1,0,34,1,1,4,20817,2
579,6,5,6,4,7,4,3,2,2,6,4,5,30.6375,3.2,0,1,0,0,0,0,0,0,0,0,1,0,0,0,0,1,0,32,1,2,2,20850,1
580,3,5,2,6,2,4,4,5,1,4,4,2,24.58194444,4,0,0,0,0,0,0,1,0,0,0,0,1,0,1,1,0,1,33,1,1,3,8037,3
581,4,6,2,7,2,3,7,5,1,5,5,2,30.85,0.4375,0,0,0,0,0,0,1,0,0,0,0,0,0,1,0,1,0,36,0,1,3,22124,3
582,6,4,7,4,5,4,5,4,5,5,3,5,20.35348837,3.583333333,0,0,0,1,0,0,0,0,0,0,0,0,1,0,0,1,1,25,1,2,3,21030,1
583,2,4,4,3,3,4,3,4,3,1,4,2,31.73153153,4.625,0,0,0,0,0,0,0,0,1,0,1,0,1,0,0,1,0,40,1,1,2,19119,2
584,2,4,5,4,4,3,3,2,3,3,5,3,28.91027397,4.5625,0,0,0,1,0,0,0,0,0,0,1,0,1,0,0,1,1,39,1,1,4,8527,2
585,3,6,4,5,3,4,5,4,3,6,3,4,17.38181818,1.692307692,0,0,0,0,0,1,0,0,0,0,1,0,1,0,0,1,1,35,0,1,5,20136,1
586,4,4,6,4,4,3,1,1,4,5,3,3,22,0.333333333,0,0,1,0,0,0,0,0,0,0,0,0,0,0,0,1,0,35,0,1,3,20850,2
587,3,2,4,1,4,3,4,3,5,2,4,3,23.11305419,16.91666667,0,1,0,0,0,0,0,0,0,0,0,0,0,0,0,1,0,43,0,2,3,8088,2
588,4,5,6,5,4,6,5,5,4,5,4,6,30.16666667,0.666666667,0,0,0,0,1,0,0,0,0,0,1,1,1,0,0,0,0,31,1,2,5,19446,1
589,3,4,5,4,4,3,3,3,5,3,3,3,7.25,0.2,0,0,0,0,1,0,0,0,0,0,1,0,1,0,0,1,1,38,0,1,2,8226,2
590,3,5,2,5,2,3,4,4,3,1,4,1,23.77021277,7.05,0,0,0,0,0,0,0,0,0,1,0,0,0,0,0,1,0,43,1,2,4,20878,3
591,4,6,2,5,2,3,7,4,4,2,5,1,12.67727273,2.75,0,0,0,0,0,0,1,0,0,0,0,1,0,1,0,1,0,42,0,2,4,21794,3
592,4,5,5,5,4,6,7,4,3,4,4,4,42.8125,0.727272727,0,0,0,0,0,1,0,0,0,0,1,0,1,0,0,1,1,33,0,1,4,21122,1
593,3,4,2,7,2,4,4,5,3,4,6,2,46.78571429,1.75,0,0,0,0,0,0,0,0,0,0,0,1,1,0,0,1,0,41,0,1,2,22193,3
594,5,2,5,3,3,6,2,5,4,5,4,6,44.48571429,2.1,0,0,0,0,1,0,0,0,0,0,1,0,0,0,0,0,1,24,0,1,4,8055,1
595,3,5,5,2,4,3,3,2,5,3,3,4,51.83333333,0.428571429,0,0,1,0,0,0,0,0,0,0,0,0,0,0,0,1,0,40,0,2,4,21117,2
596,6,4,3,7,2,4,7,6,4,5,3,3,11.17272727,0.846153846,0,0,0,0,0,0,1,0,0,0,0,1,0,1,1,1,0,40,0,2,4,21113,3
597,3,1,4,2,3,3,4,3,2,3,5,3,54.66666667,0.214285714,0,0,0,0,1,0,0,0,0,0,0,0,0,0,0,1,0,39,0,1,2,20165,2
598,3,1,4,5,3,3,4,3,3,7,3,4,27,0.083333333,0,1,0,0,0,0,0,0,0,0,0,0,0,0,0,1,0,39,0,1,4,20109,2
599,3,2,5,3,4,3,3,1,6,3,5,3,27.02317073,1.28125,0,0,0,0,0,0,0,0,1,0,1,1,1,0,1,1,1,40,1,1,3,8204,2
600,4,5,4,4,3,4,3,4,6,7,3,3,21.91333333,5.769230769,0,1,0,0,0,0,0,0,0,0,1,1,1,0,1,1,1,39,0,1,3,22308,1
601,2,6,5,2,4,3,4,1,5,3,3,3,93.09090909,0.6875,0,0,0,0,0,0,0,0,0,1,1,1,1,0,1,1,1,45,0,1,3,21236,2
602,4,5,4,3,3,3,3,3,5,3,3,3,59,0.166666667,0,1,0,0,0,0,0,0,0,0,0,0,0,0,0,1,0,41,1,2,3,20912,2
603,4,5,5,2,4,3,4,2,4,4,6,3,47.21818182,0.392857143,0,0,1,0,0,0,0,0,0,0,0,0,0,0,0,1,0,39,1,1,2,21158,2
604,4,5,4,5,3,5,5,4,3,5,3,3,40.65909091,2.315789474,0,0,0,0,0,1,0,0,0,0,1,0,1,0,1,1,1,34,0,1,5,20155,3
605,4,6,5,3,4,3,3,3,5,3,4,4,11.5,3,0,0,0,0,0,0,0,0,0,0,0,0,0,0,0,1,0,41,0,1,3,22309,2
606,3,3,1,6,2,4,5,6,1,3,7,1,35.07142857,0.736842105,0,0,0,0,0,0,1,0,0,0,0,1,0,1,1,1,1,38,0,1,3,23113,3
607,3,5,7,5,5,7,7,4,3,7,7,4,15.05,0.375,0,0,0,0,0,0,1,0,0,0,1,0,1,0,1,0,1,32,0,1,5,8035,1
608,5,6,5,5,3,5,7,4,3,7,4,5,8.36,1.388888889,0,0,0,0,0,0,1,0,0,0,1,0,1,0,1,1,0,36,0,2,4,8034,1
609,7,5,2,4,3,1,3,2,4,3,5,2,32.6,0.909090909,0,0,0,0,0,0,0,1,0,0,0,0,0,0,0,1,0,39,0,1,3,20194,2
610,3,4,5,4,4,3,4,4,3,4,4,3,41.49541667,5.454545455,0,0,0,0,0,0,0,0,0,1,1,0,0,0,1,1,1,41,0,2,3,22031,2
611,4,6,3,5,2,3,4,5,1,4,4,3,33.121875,1.714285714,0,0,0,0,0,0,1,0,0,0,0,1,0,1,1,1,0,37,1,1,5,20158,3
612,5,4,7,2,6,5,5,2,5,6,3,4,30,0.043478261,0,0,0,0,0,0,0,0,1,0,1,0,1,0,0,1,1,30,1,1,2,8753,1
613,6,5,3,5,3,2,3,3,3,3,5,2,39,0.142857143,0,0,0,0,1,0,0,0,0,0,1,0,0,0,0,1,0,40,1,1,1,19446,2
614,4,5,7,4,5,3,5,1,3,5,3,5,24.87823529,31.875,0,0,0,0,0,0,0,0,0,0,1,0,1,0,0,1,0,34,0,1,2,22213,1
615,4,5,2,4,2,4,4,5,2,5,4,4,34.33333333,1.2,0,0,0,0,0,0,1,0,0,0,0,1,0,1,0,1,0,36,1,1,5,22306,3
616,3,4,4,4,3,3,3,3,3,3,3,2,37.75,0.153846154,0,0,0,0,0,1,0,0,0,0,1,0,0,0,0,1,0,40,0,1,2,21158,2
617,6,7,1,4,1,3,7,7,3,1,3,1,40.75,0.266666667,0,0,0,0,0,0,0,0,0,1,1,1,0,1,1,0,1,34,0,1,5,22901,3
618,3,2,5,3,4,3,4,2,4,4,4,3,43.16666667,0.666666667,0,0,0,0,0,0,0,0,1,0,1,1,0,1,1,1,1,38,1,1,2,8080,2
619,5,4,6,5,4,4,5,5,5,5,3,5,40.95625,4.363636364,0,0,0,1,0,0,0,0,0,0,1,1,1,1,1,1,1,32,0,1,3,21229,1
620,3,2,5,1,4,3,4,2,4,3,4,4,35.45517241,1.611111111,0,0,0,0,0,0,0,0,1,0,0,1,0,0,1,1,1,37,0,1,2,8753,2
621,3,3,2,1,3,3,3,4,6,2,7,2,9.8,0.185185185,0,1,0,0,0,0,0,0,0,0,1,1,0,1,1,1,1,42,0,2,3,8043,2
622,5,5,5,1,3,5,4,4,3,6,6,4,25.834375,1.6,0,0,0,0,0,0,1,0,0,0,1,0,0,0,0,1,0,27,1,2,3,22204,1
623,3,4,4,5,3,6,4,7,4,5,3,6,169,0.5,0,0,0,0,1,0,0,0,0,0,1,0,1,1,0,0,1,26,1,2,4,19446,1
624,2,1,3,7,3,3,3,3,5,2,3,3,42,0.666666667,0,1,0,0,0,0,0,0,0,0,1,0,0,0,1,1,0,40,0,2,3,8033,2
625,6,5,4,3,3,2,3,3,3,5,5,3,20.42857143,0.368421053,0,0,0,0,0,0,0,0,0,1,0,0,0,0,0,1,0,40,1,1,2,21136,2
626,5,4,6,4,5,4,5,5,6,4,4,5,20.13333333,1.363636364,0,0,1,0,0,0,0,0,0,0,1,1,1,0,0,1,0,30,0,1,2,19446,1
627,4,4,4,6,3,4,3,3,1,3,4,4,25,1.5,0,0,1,0,0,0,0,0,0,0,1,0,0,0,1,1,0,39,0,1,3,20170,3
628,3,4,3,3,3,2,3,2,4,2,5,1,57,0.130434783,0,0,0,0,0,1,0,0,0,0,0,0,0,0,0,1,0,42,1,1,3,22302,2
629,5,6,4,5,3,4,7,4,3,7,4,5,95,0.125,0,0,0,0,0,0,1,0,0,0,1,0,1,1,1,1,1,37,1,2,4,20906,1
630,2,4,3,5,3,5,5,5,3,3,3,3,33.5,0.096774194,0,0,0,0,0,0,0,0,0,1,1,1,0,1,0,1,0,36,1,2,5,19087,3
631,3,3,4,2,3,4,3,4,4,2,5,3,21,0.076923077,0,0,0,0,0,0,0,0,1,0,0,0,0,0,0,1,0,41,0,2,3,8701,2
632,6,7,4,1,3,4,4,4,2,5,4,3,528.25,0.363636364,0,0,0,0,1,0,0,0,0,0,1,1,0,1,1,1,1,36,1,1,4,20816,1
633,7,7,5,2,4,3,4,2,2,6,4,4,50,0.25,0,0,0,0,0,0,0,0,0,0,0,1,0,0,1,1,1,38,0,1,3,23229,1
634,4,6,3,5,3,1,4,1,1,3,6,1,24.5,0.055555556,0,0,0,0,0,0,0,1,0,0,0,1,0,0,1,1,1,37,1,1,3,22015,2
635,4,3,4,5,3,5,5,4,3,6,4,4,36.75,0.105263158,0,0,0,0,0,0,0,1,0,0,1,0,0,1,0,1,0,31,0,2,4,22039,1
636,6,3,1,5,2,1,3,3,3,2,4,1,19.41578947,0.826086957,0,0,0,0,0,0,0,1,0,0,0,0,0,0,0,1,0,38,0,1,3,22201,2
637,1,6,6,1,4,4,1,1,3,1,4,3,44.16666667,0.5625,0,0,1,0,0,0,0,0,0,0,1,1,0,1,1,1,0,44,0,2,3,20171,2
638,7,7,4,7,4,2,3,2,2,4,4,3,23.07142857,2,0,0,0,0,0,0,0,0,0,1,0,1,0,0,0,1,0,42,1,2,4,21146,3
639,3,2,5,3,4,3,3,1,3,3,3,3,60,0.142857143,0,0,0,0,0,0,0,0,0,1,0,0,0,0,0,1,0,40,1,2,3,8050,2
640,5,3,3,5,2,4,7,6,2,5,6,4,8,0.6,0,0,0,0,0,0,1,0,0,0,1,1,0,1,1,1,1,39,0,1,5,19006,3
641,4,3,4,5,3,5,7,4,3,6,4,5,37.94444444,0.692307692,0,0,0,0,0,0,0,1,0,0,1,0,1,1,1,0,1,34,0,2,4,22315,1
642,4,6,5,4,4,3,3,3,4,3,6,3,60,0.166666667,1,0,0,0,0,0,0,0,0,0,0,0,0,0,0,1,0,39,0,2,3,22066,2
643,6,4,7,5,5,5,7,4,3,7,5,4,41.92857143,0.368421053,0,0,0,0,0,0,0,1,0,0,1,0,1,1,1,0,1,34,0,2,3,22304,1
644,5,5,1,7,2,4,7,7,1,5,7,3,31.76666667,1.071428571,0,0,0,0,0,0,1,0,0,0,1,1,0,1,1,0,1,34,0,1,5,8065,3
645,2,7,4,4,3,6,4,4,3,7,5,5,27,0.5,0,0,0,0,0,0,0,1,0,0,1,0,1,1,1,1,1,31,1,2,5,8003,1
646,6,3,7,4,3,4,4,4,2,4,3,3,13.25,0.375,0,0,1,0,0,0,0,0,0,0,1,0,0,1,1,1,1,40,1,1,2,21401,1
647,4,4,7,5,4,3,3,3,4,4,4,3,3.777777778,4.5,0,0,0,1,0,0,0,0,0,0,0,0,0,0,0,1,0,32,0,1,3,8332,2
648,4,5,6,2,5,4,5,3,4,5,5,5,101,1,0,0,0,0,0,0,0,0,0,0,1,0,1,0,1,1,0,33,0,2,2,21234,1
649,5,5,3,5,4,5,7,4,3,7,4,4,33.54607843,2.125,0,0,0,0,0,0,0,1,0,0,1,0,1,1,1,0,1,36,1,2,3,8060,1
650,6,5,4,5,5,4,5,3,6,5,4,5,38.25,0.235294118,0,0,0,0,1,0,0,0,0,0,1,0,1,1,0,1,0,31,1,1,2,19046,1
651,3,4,1,3,2,3,4,1,3,3,5,4,55.9,1.523809524,0,0,0,0,1,0,0,0,0,0,1,0,0,1,0,1,1,39,0,1,2,20181,2
652,4,6,6,5,7,6,7,3,3,4,7,4,47.78,2.5,0,0,1,0,0,0,0,0,0,0,0,1,1,1,1,1,0,31,1,1,2,20904,1
653,5,6,5,5,2,5,4,4,3,7,5,5,33.97368421,3.166666667,0,0,0,0,0,0,0,1,0,0,1,0,1,0,1,1,1,31,1,2,5,21403,1
654,5,5,6,5,3,4,5,3,5,5,3,5,30.35147059,1.47826087,0,0,0,0,0,0,0,1,0,0,1,0,1,0,0,1,0,28,1,1,3,19130,1
655,2,4,1,4,4,5,2,4,2,4,4,3,93.22,7,0,0,0,0,0,0,1,0,0,0,1,1,0,1,1,1,1,37,1,1,5,8108,3
656,4,4,5,4,3,4,3,3,3,3,3,4,29.19642857,5.6,0,0,0,0,0,0,0,0,1,0,1,0,0,0,0,1,0,39,0,1,4,8022,2
657,4,6,1,7,1,4,7,5,1,5,5,3,43.49111111,7.5,0,0,0,0,0,0,1,0,0,0,1,1,0,0,1,1,0,42,1,1,5,8108,3
658,4,6,5,4,1,4,4,4,3,7,4,5,56,0.05,0,0,0,0,0,0,0,1,0,0,1,0,1,1,1,0,1,36,1,2,3,22015,1
659,4,4,2,2,3,2,3,1,5,3,4,3,22.55263158,1,0,0,0,0,1,0,0,0,0,0,1,1,0,1,1,1,1,39,1,1,4,20744,2
660,4,7,5,5,1,4,7,4,1,6,3,3,29.66666667,0.176470588,0,0,0,0,0,0,1,0,0,0,1,0,0,0,1,1,0,37,1,2,5,20814,3
661,2,1,4,1,3,3,3,3,4,3,5,4,22.29411765,1.307692308,0,0,0,0,1,0,0,0,0,0,1,0,0,0,0,1,0,34,0,1,3,20165,2
662,3,4,4,4,5,3,4,4,5,3,4,3,50.35714286,0.291666667,0,0,0,0,0,1,0,0,0,0,1,1,0,1,1,1,1,39,1,1,4,21212,2
663,6,6,7,6,7,3,5,2,5,5,4,5,54.8125,3.555555556,0,0,0,0,0,0,0,1,0,0,1,0,1,0,0,1,0,25,1,1,2,20148,1
664,3,3,5,2,7,4,4,3,4,3,5,4,56.975,0.117647059,0,0,1,0,0,0,0,0,0,0,1,0,0,0,1,1,0,40,1,1,2,20169,2
665,6,7,7,5,7,5,7,4,5,5,3,5,12.33,0.625,0,0,0,1,0,0,0,0,0,0,1,1,1,1,1,0,0,27,1,1,2,22207,1
666,1,4,3,4,1,5,5,5,2,4,6,4,28.84230769,0.541666667,0,0,0,0,0,0,1,0,0,0,1,1,0,1,1,1,1,39,0,1,5,22308,3
667,4,4,7,4,6,7,7,4,4,7,5,4,18.33333333,0.428571429,0,0,0,0,0,0,0,1,0,0,1,0,1,1,1,1,1,36,1,2,5,23233,1
668,3,5,4,5,3,4,5,4,3,6,4,4,30.10930233,3.071428571,0,0,0,0,0,0,0,1,0,0,1,0,1,1,1,0,1,35,0,2,5,21044,1
669,3,6,1,7,1,3,7,6,3,2,4,1,33.8027027,2.846153846,0,0,0,0,0,0,1,0,0,0,1,0,0,0,0,1,0,36,0,1,5,20816,3
670,2,4,3,4,2,3,4,4,3,4,5,3,49.5,0.052631579,0,1,0,0,0,0,0,0,0,0,1,1,0,0,0,1,0,43,1,2,3,20906,2
671,4,5,5,5,4,5,7,4,3,6,6,5,18.13846154,2.785714286,0,0,0,0,0,0,0,1,0,0,1,0,1,1,1,1,0,37,1,2,5,21228,1
672,3,5,5,5,3,3,4,4,5,7,3,3,23.565,0.454545455,1,0,0,0,0,0,0,0,0,0,1,0,0,0,1,1,0,40,0,1,3,23185,1
673,2,3,3,3,3,3,3,3,6,2,5,2,31.82971698,4.076923077,0,0,0,0,0,0,0,0,1,0,1,1,0,1,1,1,0,43,0,1,3,21146,2
674,6,5,7,5,6,5,7,4,5,5,5,5,70.9,0.714285714,0,0,0,0,0,0,0,1,0,0,0,1,1,1,1,0,0,25,1,1,2,19046,1
675,4,4,7,4,6,3,4,3,6,3,4,3,39.94090909,4.4,0,0,0,1,0,0,0,0,0,0,1,1,0,1,1,1,1,32,0,1,4,21044,2
676,7,5,3,5,3,1,3,1,6,3,3,3,199,0.25,0,0,0,0,0,0,0,1,0,0,0,0,0,0,0,1,0,39,0,1,3,20705,2
677,2,2,5,1,4,3,3,2,6,3,3,4,52.1,0.217391304,0,0,0,0,1,0,0,0,0,0,0,0,0,0,0,1,0,34,0,1,2,21401,2
678,5,6,3,6,3,4,7,5,1,2,3,2,22.68111111,8.181818182,0,0,0,0,0,0,1,0,0,0,1,1,0,0,0,1,0,41,0,2,5,22033,3
679,5,5,4,5,3,2,3,2,6,3,3,3,31.625,1.6,0,0,1,0,0,0,0,0,0,0,1,1,0,1,1,1,1,39,0,2,2,21114,2
680,3,4,5,4,4,3,3,1,1,3,6,3,26,0.083333333,0,0,1,0,0,0,0,0,0,0,1,1,1,1,1,1,1,40,1,1,4,8402,2
681,4,6,5,4,3,5,4,4,3,6,3,5,24.97826087,1.769230769,0,0,0,0,0,0,0,1,0,0,1,0,1,1,1,0,1,31,1,1,3,22601,1
682,5,4,5,3,4,2,3,2,1,4,3,4,64,0.333333333,0,0,0,0,0,0,0,1,0,0,0,0,0,0,0,1,0,32,0,1,3,20151,2
683,2,7,2,7,2,3,3,5,3,1,4,2,15.40833333,2.666666667,0,0,0,0,0,0,1,0,0,0,0,0,0,0,0,1,0,43,0,2,5,20136,3
684,2,4,5,4,4,3,4,2,6,3,4,2,23.30746269,5.153846154,0,0,0,0,0,1,0,0,0,0,1,0,0,1,0,1,0,41,0,1,4,20816,2
685,3,3,4,4,3,3,4,2,3,3,3,2,40.884375,2.285714286,0,0,0,0,0,0,0,0,0,1,1,1,0,1,1,1,1,44,1,1,4,19004,2
686,3,3,2,5,2,3,4,5,1,1,4,1,24.25,0.235294118,0,0,0,0,0,0,1,0,0,0,1,1,0,1,1,1,1,42,0,1,5,8520,3
687,5,4,2,7,2,3,7,5,1,3,6,2,17.303125,1.066666667,0,0,0,0,0,0,1,0,0,0,1,0,0,1,1,1,1,39,1,1,3,7726,3
688,4,6,6,3,4,6,3,5,2,5,4,7,39.81052632,1,0,0,0,0,0,0,0,0,0,0,0,1,1,1,0,0,1,29,1,1,5,22039,1
689,2,6,2,4,2,4,3,5,1,4,5,2,13.875,0.888888889,0,0,0,0,0,0,1,0,0,0,0,0,0,0,0,1,0,43,1,2,5,20817,3
690,5,6,3,5,2,4,7,7,2,5,4,4,45.27777778,1.285714286,0,0,0,0,0,0,0,1,0,0,0,0,0,0,0,1,0,35,0,1,3,8648,3
691,3,3,1,5,1,3,4,6,2,3,4,2,8.5,0.266666667,0,0,0,0,0,0,0,1,0,0,1,1,0,1,1,1,1,35,1,1,3,22041,3
692,6,3,4,5,4,2,3,2,3,4,3,4,47.8,1,0,0,0,1,0,0,0,0,0,0,1,1,0,1,1,1,1,34,0,1,2,20854,2
693,2,3,4,1,3,3,4,3,4,2,4,3,32.43064516,1.722222222,0,0,0,0,1,0,0,0,0,0,1,1,0,1,1,1,1,36,0,1,3,21286,2
694,3,3,5,5,3,6,4,5,3,5,4,6,28.94324324,2.055555556,0,0,0,0,0,0,0,0,1,0,1,1,1,1,0,0,1,30,1,1,4,22306,1
695,2,3,3,4,2,5,4,6,4,4,5,3,36.66666667,0.5,0,0,0,0,0,0,0,1,0,0,1,1,0,0,0,1,0,43,0,1,5,8330,3
696,6,5,4,5,3,4,7,4,3,6,4,4,31.1,0.416666667,0,0,0,0,0,0,0,1,0,0,1,0,1,1,1,0,1,35,1,1,5,23229,1
697,3,6,1,5,1,3,4,5,2,3,5,2,48.5,1.2,0,0,0,0,0,0,0,1,0,0,0,0,0,0,0,1,0,33,0,1,3,19149,3
698,3,4,5,5,4,3,4,4,3,4,3,4,27.41744186,4.3,0,0,0,0,0,1,0,0,0,0,0,1,0,0,0,1,0,42,0,1,2,19027,2
699,3,3,2,4,2,4,4,6,1,4,6,3,18.18333333,1.111111111,0,0,0,0,0,0,0,0,0,1,1,0,0,1,0,1,0,36,0,1,3,21146,3
700,4,3,5,2,3,6,3,6,3,5,4,6,31.2075,1.176470588,0,0,0,0,0,0,0,0,1,0,1,0,1,1,0,0,1,27,0,1,4,19006,1
701,6,5,4,5,3,2,3,3,3,4,4,3,27.46888889,11.25,0,0,0,0,0,0,0,0,0,0,0,0,0,0,0,1,0,43,1,1,3,24060,2
702,4,6,4,4,3,4,4,4,4,6,7,5,7.5,0.105263158,0,0,0,0,0,0,0,0,1,0,1,1,1,1,0,0,1,30,1,1,5,21136,1
703,5,5,6,5,4,5,7,4,3,7,3,4,28.38888889,0.692307692,0,0,0,0,0,0,0,1,0,0,1,0,1,1,1,0,1,25,0,1,5,8026,1
704,5,5,3,5,3,4,4,5,5,2,7,3,39,0.318181818,0,0,1,0,0,0,0,0,0,0,1,1,0,1,1,1,1,41,0,2,3,8402,3
705,5,6,6,5,4,6,7,4,3,7,3,4,35.72564103,1.95,0,0,0,0,0,0,0,1,0,0,1,0,1,1,0,1,0,33,0,2,4,21090,1
706,2,5,1,4,4,3,4,4,3,4,4,2,50.30769231,1,0,0,0,0,0,0,0,0,0,1,1,1,0,0,1,1,1,39,0,2,4,21054,3
707,3,4,4,4,1,3,4,3,4,3,4,2,69,0.083333333,0,0,0,0,0,1,0,0,0,0,1,1,0,1,1,1,1,39,1,1,3,22151,2
708,6,7,4,7,3,2,4,3,6,4,3,3,99.475,1,0,1,0,0,0,0,0,0,0,0,1,1,0,1,1,1,1,43,0,1,3,22193,3
709,3,2,5,1,3,4,4,3,3,2,5,4,23.27857143,1,0,0,0,0,0,0,0,0,0,0,0,0,0,0,0,1,0,41,0,1,3,20782,2
710,5,6,4,5,1,4,4,5,1,5,3,4,34.56666667,0.789473684,0,0,0,0,0,0,0,1,0,0,1,1,0,1,1,1,0,42,0,2,4,19446,3
711,3,4,3,4,5,2,3,2,6,2,4,1,23.45420168,19.83333333,0,0,0,0,0,0,0,0,0,1,1,1,0,1,1,1,1,43,1,1,3,22207,2
712,6,5,3,5,6,2,3,3,3,3,4,2,37.85945946,3.083333333,1,0,0,0,0,0,0,0,0,0,1,1,0,1,1,1,1,41,1,2,3,22311,2
713,2,4,2,5,3,4,4,5,3,4,4,2,56.35869565,2.875,0,0,0,0,0,0,0,1,0,0,1,1,0,1,0,1,1,35,0,1,3,19087,3
714,4,6,4,4,4,4,4,4,3,7,4,4,35.95510204,2.041666667,0,0,0,0,0,0,0,1,0,0,1,0,0,0,1,1,0,34,0,2,3,19149,1
715,7,6,3,5,4,1,3,2,6,3,5,3,37.79076923,10.83333333,0,0,0,0,0,0,0,1,0,0,0,0,0,0,0,1,0,33,0,1,3,21401,2
716,3,5,3,4,7,4,3,4,3,5,4,4,23.5,0.222222222,0,0,0,0,0,0,0,0,0,0,1,1,0,1,1,1,1,39,0,2,2,22209,1
717,4,3,6,3,3,6,3,4,5,5,4,7,26.49,0.833333333,0,0,0,0,0,0,0,0,1,0,1,1,1,1,0,0,1,25,0,1,2,22407,1
718,2,3,4,3,6,3,3,4,4,3,3,4,16.5,1.5,0,0,0,0,1,0,0,0,0,0,1,0,0,1,0,1,1,34,0,1,3,20169,2
719,3,4,2,4,4,3,2,5,1,3,5,2,42,0.294117647,0,0,0,0,0,0,0,1,0,0,1,1,0,0,1,1,0,38,1,1,5,20186,3
720,6,4,3,3,5,2,5,4,5,5,6,4,49.27272727,0.916666667,0,0,0,0,0,0,0,0,1,0,1,0,1,0,1,1,0,35,0,1,2,22203,2
721,4,6,7,5,3,6,5,4,3,6,4,5,14.66666667,3,0,0,0,0,0,0,0,1,0,0,1,0,0,0,0,1,0,33,0,1,5,22304,1
722,4,4,6,3,5,3,3,1,4,4,5,4,31.31027397,3.476190476,0,0,0,0,1,0,0,0,0,0,0,0,0,0,0,1,0,34,0,1,2,8550,2
723,5,5,3,4,5,4,5,3,4,5,4,5,9.8,5,0,0,1,0,0,0,0,0,0,0,0,1,1,1,1,1,0,35,1,1,2,21093,1
724,6,5,7,5,5,3,5,3,5,5,6,5,36.35333333,3.461538462,0,0,0,0,0,0,0,1,0,0,1,1,1,1,1,0,0,25,1,1,4,19002,1
725,4,5,5,5,3,5,4,4,3,5,4,4,16,0.08,0,0,0,0,0,0,0,0,1,0,1,0,1,0,0,1,0,35,1,2,3,20854,1
726,4,4,6,4,4,3,3,2,3,4,6,4,17.25,0.444444444,0,0,1,0,0,0,0,0,0,0,0,0,0,0,0,1,0,39,0,1,2,8691,2
727,4,6,4,4,3,5,3,4,3,6,4,4,32,0.541666667,0,0,0,0,0,0,0,0,1,0,1,0,1,1,1,1,1,33,1,1,5,8031,1
728,4,5,6,5,5,4,5,2,3,5,4,5,25.44444444,0.620689655,0,0,0,0,0,0,0,0,1,0,1,1,1,1,1,0,0,29,0,1,3,19087,1
729,6,5,2,4,3,2,3,3,4,3,4,3,38.125,0.235294118,0,0,0,0,1,0,0,0,0,0,0,0,0,0,0,1,0,35,1,1,2,19010,2
730,6,6,3,6,3,1,3,1,2,3,4,2,30.6,0.625,0,0,0,0,0,0,0,1,0,0,1,1,0,1,1,1,1,41,0,1,4,21136,2
731,6,4,1,3,4,3,3,2,3,5,3,3,32.0962963,2.842105263,0,0,0,0,0,0,0,0,0,0,1,0,0,1,0,1,1,36,1,1,3,22003,2
732,3,3,1,1,5,4,2,1,3,2,4,3,44,0.25,0,0,1,0,0,0,0,0,0,0,1,1,0,1,1,1,1,38,1,2,3,8534,2
733,1,5,3,7,2,5,5,7,2,5,3,2,40,0.545454546,0,0,0,0,0,0,0,1,0,0,1,1,0,1,1,1,0,45,1,2,3,8021,3
734,3,6,1,5,2,3,3,5,1,3,4,1,28,0.045454546,0,0,0,0,0,0,0,1,0,0,0,1,0,0,0,1,0,34,1,1,4,22304,3
735,5,6,1,6,3,1,3,1,2,3,4,1,41.44655172,1.318181818,0,0,0,0,0,1,0,0,0,0,0,0,0,0,1,1,0,40,1,1,3,19010,3
736,4,5,1,5,4,6,2,4,3,5,4,7,18.25,0.235294118,0,0,0,0,0,0,0,0,1,0,1,1,1,1,0,0,1,27,1,2,5,22314,1
737,5,5,1,5,3,5,2,5,2,5,4,6,37.22222222,0.391304348,0,0,0,0,0,0,0,0,1,0,1,1,1,1,0,0,0,31,1,2,5,20853,3
738,3,4,3,4,3,3,3,3,3,2,4,2,45,0.125,0,0,0,0,0,0,0,0,0,0,1,1,0,1,1,1,1,40,1,2,3,8540,2
739,5,5,5,5,3,2,3,2,2,3,4,2,24.44702381,5.25,0,0,0,0,0,0,0,0,0,1,1,0,0,1,0,1,1,40,1,1,3,8648,2
740,5,5,3,5,3,1,3,2,3,3,3,2,35.78333333,2.142857143,0,0,0,0,0,1,0,0,0,0,1,1,0,1,1,1,1,40,0,1,1,22026,2
741,2,4,1,5,1,4,5,7,3,4,3,2,32,0.095238095,0,0,0,0,0,0,0,1,0,0,0,1,0,0,1,1,0,41,0,2,5,21093,3
742,3,2,3,2,3,3,3,4,5,2,4,2,39.25,0.333333333,0,1,0,0,0,0,0,0,0,0,1,1,0,1,1,1,1,39,0,2,3,8094,2
743,4,4,6,4,1,4,3,3,3,3,3,3,28.46818182,1.375,0,0,0,0,0,0,1,0,0,0,1,1,0,1,1,1,1,40,0,2,3,20194,2
744,5,4,5,4,5,3,3,2,6,4,5,4,9.857142857,0.636363636,0,0,0,0,1,0,0,0,0,0,0,0,0,0,0,1,0,33,1,1,4,8753,2
745,3,4,3,4,5,4,3,4,1,5,5,4,6.725,0.4,0,1,0,0,0,0,0,0,0,0,1,0,0,1,1,1,1,40,0,2,2,21015,2
746,6,5,5,4,7,4,5,4,2,5,6,5,24.53333333,0.9375,0,0,0,0,0,0,0,1,0,0,1,0,1,0,0,1,0,25,0,1,3,20866,1
747,6,5,7,5,5,6,5,4,3,5,4,6,10,0.090909091,0,0,0,0,0,0,0,0,1,0,1,0,0,0,0,1,0,25,0,1,5,20833,1
748,6,5,5,5,6,3,3,2,2,5,5,4,38.58333333,0.375,0,0,0,0,0,0,0,1,0,0,1,0,0,1,0,1,1,34,0,1,4,21286,1
749,3,5,3,4,6,3,3,4,1,4,4,3,37.77272727,0.578947368,0,0,0,0,0,1,0,0,0,0,1,1,0,1,1,1,1,40,0,1,2,21044,2
750,4,5,4,5,5,4,5,4,3,6,3,5,41.71428571,1.75,0,0,0,0,1,0,0,0,0,0,1,1,1,1,0,0,1,27,0,1,2,20176,1
751,4,3,6,1,2,3,4,1,4,4,4,3,24.89285714,0.823529412,0,0,0,0,0,0,0,1,0,0,0,0,0,0,0,1,0,33,1,1,3,19083,2
752,2,3,3,3,7,3,3,3,4,2,7,3,35.20714286,0.7,0,0,0,0,1,0,0,0,0,0,1,1,0,1,1,1,1,41,0,1,3,19002,2
753,7,6,6,4,5,5,5,4,3,7,6,6,60.3,1.166666667,0,0,0,0,0,0,0,0,0,1,1,0,1,1,1,0,1,25,1,1,5,21204,1
754,5,5,3,5,7,4,5,3,3,6,4,5,91.55,1.25,1,0,0,0,0,0,0,0,0,0,1,0,1,0,1,1,0,33,1,1,4,20194,1
755,5,5,3,5,4,2,3,2,2,3,6,2,19.75,1.2,0,0,0,0,0,0,1,0,0,0,1,1,0,1,1,1,0,43,0,2,3,21136,2
756,4,5,4,4,1,5,4,4,3,6,3,6,36,0.041666667,0,0,0,0,0,0,0,0,0,1,1,0,1,1,1,1,1,33,1,2,5,8055,1
757,4,5,2,5,1,4,5,6,2,4,3,3,19.26923077,0.722222222,0,0,0,0,0,0,0,1,0,0,0,1,0,1,0,1,1,35,0,2,3,21014,3
758,3,2,3,1,2,2,3,2,6,2,4,3,38.79117647,1.416666667,0,0,0,0,1,0,0,0,0,0,0,0,0,0,0,1,0,41,0,1,3,22630,2
759,5,5,4,6,5,7,3,5,3,5,4,7,23.25512821,4.333333333,0,0,0,0,1,0,0,0,0,0,1,1,1,1,0,0,1,25,1,1,2,21286,1
760,4,3,5,3,4,4,3,3,4,4,5,4,33,0.294117647,0,1,0,0,0,0,0,0,0,0,1,1,0,1,1,1,0,45,1,2,3,20191,2
761,4,6,6,5,4,6,5,4,3,7,4,5,26.82758621,3.625,0,0,0,0,0,0,0,0,0,1,1,0,0,0,0,1,0,31,1,1,3,21771,1
762,5,1,7,2,7,5,5,2,4,5,3,4,37,0.25,0,0,0,0,0,0,1,0,0,0,1,0,1,0,1,1,0,33,0,1,4,8757,1
763,3,6,4,3,4,3,3,2,4,3,3,3,26.23,0.9375,0,0,0,0,1,0,0,0,0,0,0,1,0,0,1,1,1,37,0,1,2,8054,2
764,3,1,3,1,3,2,2,3,6,2,4,3,39.5,3.75,0,0,0,0,1,0,0,0,0,0,1,0,0,1,0,1,1,33,1,1,2,7728,2
765,3,4,4,4,3,3,3,3,4,2,4,2,27.20769231,0.722222222,0,0,0,0,0,1,0,0,0,0,1,1,0,0,0,1,0,41,0,2,2,8724,2
766,4,3,5,4,4,4,3,4,4,4,4,4,367,0.333333333,0,0,0,1,0,0,0,0,0,0,0,1,0,0,1,1,1,37,1,1,3,8055,2
767,4,6,7,5,5,4,5,1,3,5,4,5,16.6,5,0,0,0,0,0,0,0,0,0,1,1,1,1,1,1,1,0,31,0,1,3,20815,1
768,4,2,4,6,4,7,2,7,3,5,4,6,46.5,0.266666667,0,0,0,0,0,1,0,0,0,0,1,1,1,1,0,0,1,25,1,1,2,21014,1
769,3,6,5,4,4,6,3,7,3,5,3,6,37,0.1,0,0,0,0,0,1,0,0,0,0,1,0,1,1,0,0,0,24,1,1,4,22015,1
770,4,5,5,6,4,3,3,4,4,3,4,3,29.5,0.333333333,0,0,0,0,0,0,0,0,1,0,1,0,0,1,0,1,1,34,0,1,2,8054,2
771,4,5,6,7,4,6,4,6,2,5,3,6,36.25,0.666666667,0,0,0,0,0,1,0,0,0,0,1,1,1,1,0,0,1,24,1,1,5,20817,1
772,4,5,7,2,5,4,4,1,4,4,4,3,34.4530303,1.65,0,0,0,0,0,0,0,1,0,0,0,0,0,0,0,1,0,33,1,1,3,19114,2
773,5,3,6,5,4,5,3,3,3,5,7,6,28.79315069,3.041666667,0,0,0,0,0,0,1,0,0,0,1,1,1,1,0,0,1,25,1,1,5,8223,1
774,6,7,4,5,3,4,5,4,3,6,4,4,9.666666667,0.3,0,0,0,0,0,0,0,0,0,1,1,0,0,1,1,1,1,34,0,1,3,8234,1
775,3,3,3,4,3,2,3,3,4,2,3,1,82.83333333,1.090909091,0,0,0,0,1,0,0,0,0,0,1,1,0,1,1,1,1,42,1,1,4,23229,2
776,5,2,4,1,4,2,3,2,3,4,4,3,28.7,1.111111111,0,0,0,1,0,0,0,0,0,0,0,0,0,0,0,1,0,34,0,1,3,20155,2
777,4,6,4,3,3,3,3,3,1,3,4,3,21.25,0.333333333,0,0,0,0,0,0,0,0,1,0,1,0,0,1,1,1,1,40,0,1,3,21401,2
778,4,3,4,3,5,7,3,5,2,5,6,7,9.833333333,0.333333333,0,0,0,0,0,0,1,0,0,0,1,0,0,1,0,0,0,25,0,1,4,8005,1
779,2,5,5,5,3,6,4,4,3,7,4,4,49.5,0.5,0,0,0,0,0,0,0,0,0,1,1,0,0,1,1,1,1,37,0,2,4,19149,1
780,3,4,2,4,2,4,5,4,1,5,7,4,42.85714286,0.5,0,0,0,0,0,0,0,0,1,0,0,1,0,1,1,1,1,41,1,2,4,22203,3
781,6,6,3,5,3,5,5,4,3,6,3,4,43.32352941,1.214285714,0,0,0,0,0,0,0,0,0,1,1,0,0,1,1,0,1,27,1,1,5,20882,1
782,3,4,2,4,2,3,3,5,1,1,5,1,41.40231707,9.111111111,0,0,0,0,0,0,0,0,1,0,0,1,0,1,1,0,1,40,0,1,3,22046,3
783,5,4,7,3,5,4,5,3,5,5,6,5,28.15253165,4.9375,0,0,0,1,0,0,0,0,0,0,0,0,1,0,0,1,0,28,0,1,3,7728,1
784,4,6,6,1,4,4,5,4,3,7,5,6,32.8,0.238095238,0,0,0,0,0,0,0,0,0,0,1,0,0,0,1,1,1,25,0,1,5,20024,1
785,5,6,4,3,3,2,3,4,3,5,4,4,22.03345588,10.88,0,0,0,0,0,0,0,1,0,0,0,0,0,0,0,1,0,32,0,1,3,19053,2
786,3,3,3,6,3,4,2,1,1,2,4,2,64.5,0.066666667,0,0,0,0,0,0,0,0,1,0,1,1,0,1,1,1,1,39,1,1,4,19002,2
787,2,5,2,7,2,3,3,5,1,3,5,2,34.45454546,3.666666667,0,0,0,0,0,0,0,0,1,0,0,1,0,0,0,1,0,39,1,1,5,21228,3
788,5,4,7,2,5,4,5,2,3,5,6,5,13,0.2,0,0,0,0,0,0,0,0,0,1,1,0,1,1,0,1,1,32,0,1,4,21093,1
789,3,4,5,4,4,6,3,6,4,5,4,7,24.195,1.25,0,0,0,0,0,0,1,0,0,0,1,0,1,1,1,0,1,25,1,1,5,22181,1
790,2,5,5,4,3,3,3,4,3,4,4,3,27.975,0.117647059,1,0,0,0,0,0,0,0,0,0,0,0,0,0,0,1,0,46,1,2,3,21012,2
791,3,5,4,2,3,6,5,6,3,5,5,6,45,0.058823529,0,0,0,0,0,0,1,0,0,0,0,1,1,1,0,0,1,30,1,1,5,22302,1
792,4,5,5,7,4,7,4,5,3,4,6,4,29.5,0.5,0,0,0,0,0,0,0,0,0,0,1,0,0,1,1,1,1,32,1,1,5,20905,1
793,4,5,5,5,3,2,4,4,3,7,5,6,19.41666667,1.3125,0,0,0,0,0,0,0,0,0,0,1,0,0,0,0,1,0,35,0,1,3,8225,1
794,2,3,5,4,3,2,2,4,5,7,4,3,25.7,3.25,0,0,0,0,1,0,0,0,0,0,0,0,0,0,0,1,0,33,0,1,3,8088,2
795,6,6,7,7,5,1,3,1,2,5,5,3,34,0.625,0,0,0,1,0,0,0,0,0,0,1,1,0,1,1,1,1,33,1,1,3,8089,2
796,3,5,3,5,3,4,2,4,4,5,5,3,45.84285714,0.7,0,0,0,0,0,0,1,0,0,0,1,1,0,0,0,1,0,42,0,1,3,20906,2
797,6,4,6,4,4,6,5,1,3,5,4,5,31.49166667,3,0,0,0,0,0,0,1,0,0,0,0,0,1,0,0,1,0,33,1,2,3,18940,1
798,4,5,4,2,3,7,5,4,5,6,6,6,55,0.333333333,0,0,0,0,0,0,1,0,0,0,1,1,1,1,0,0,0,29,0,1,5,19446,1
799,3,5,5,2,3,7,5,6,4,5,3,6,104,0.181818182,0,0,0,0,0,0,1,0,0,0,1,1,1,1,0,0,1,29,0,1,5,20904,1
800,1,2,4,2,3,3,3,3,4,2,4,3,25.34633333,1.25,0,0,1,0,0,0,0,0,0,0,1,1,1,1,1,1,0,45,1,1,4,22015,2
801,4,6,2,5,2,4,5,6,2,4,4,3,25.3826087,2.3,0,0,0,0,0,0,0,0,0,1,0,1,0,1,1,1,1,37,0,2,4,22209,3
802,3,4,5,4,4,3,4,2,3,3,4,3,17.84423077,1.3,0,0,0,0,0,0,0,1,0,0,1,0,1,1,0,1,1,34,0,1,3,22308,2
803,3,5,5,5,3,6,5,3,2,6,4,5,49.5,1,0,0,0,0,0,0,1,0,0,0,1,1,1,1,1,0,0,24,1,1,2,21401,1
804,2,6,3,5,2,4,5,4,1,5,4,2,63.4,1.111111111,0,0,0,0,0,0,0,0,0,1,0,1,0,1,1,1,1,44,1,1,3,20879,3
805,3,4,5,4,3,6,5,6,4,5,3,6,49,0.5,0,0,0,0,0,0,1,0,0,0,1,1,1,1,1,0,1,29,1,1,5,21212,1
806,3,5,4,6,3,3,3,4,4,2,3,2,22,0.333333333,0,0,1,0,0,0,0,0,0,0,1,1,0,0,0,1,0,44,0,1,3,20854,2
807,4,4,5,3,4,4,3,4,5,3,3,3,65.05555556,0.9,0,0,0,1,0,0,0,0,0,0,0,0,0,0,0,1,0,35,0,1,3,19083,2
808,2,2,4,1,3,3,2,3,5,2,6,3,37,0.086956522,0,0,0,0,1,0,0,0,0,0,0,0,0,0,0,1,0,39,1,1,3,22066,2
809,4,6,6,5,4,6,5,4,3,7,4,6,25.6,1.62962963,0,0,0,0,0,0,0,0,0,0,1,0,0,0,1,1,1,34,1,2,3,22003,1
810,3,5,3,4,2,4,3,4,1,6,4,4,109,0.2,0,0,0,0,0,0,0,0,0,1,0,1,0,1,1,1,1,39,0,2,5,19083,3
811,2,3,2,4,2,4,3,4,1,4,4,4,34.875,0.5,0,0,0,0,0,0,0,0,0,1,0,1,0,1,1,1,1,38,0,1,4,22180,3
812,6,6,5,5,4,3,3,2,2,4,3,4,42.34285714,0.368421053,1,0,0,0,0,0,0,0,0,0,1,1,1,1,1,1,0,43,1,2,4,21204,2
813,5,5,4,4,3,4,3,4,5,3,4,4,38,0.333333333,0,0,0,0,0,0,0,0,1,0,0,0,0,0,0,1,0,41,0,1,3,20817,2
814,4,4,4,3,3,4,3,4,5,6,4,6,30.95080645,2.818181818,0,0,0,0,0,0,1,0,0,0,1,1,1,1,0,0,1,30,1,1,2,23233,1
815,4,4,5,4,4,4,3,4,3,4,2,3,23.25,1.6,0,0,0,0,0,0,0,0,0,1,1,1,0,0,0,1,0,44,1,1,2,21401,2
816,4,5,3,5,2,4,5,5,2,5,4,4,30.32333333,7.5,0,0,0,0,0,0,0,0,0,1,0,1,0,0,0,1,0,38,0,2,3,20850,3
817,3,5,6,4,4,6,4,6,5,5,5,6,29.31666667,0.166666667,0,0,0,0,0,0,1,0,0,0,1,1,1,1,0,0,0,26,0,1,5,21042,1
818,4,5,4,4,3,4,5,4,3,6,5,4,36,0.043478261,0,0,0,0,0,0,0,0,0,0,1,0,0,1,1,0,1,32,0,2,5,19446,1
819,3,5,3,4,3,3,3,3,3,4,4,3,48.9,0.769230769,0,0,0,0,1,0,0,0,0,0,1,1,0,1,1,1,1,40,0,1,2,20024,2
820,4,7,4,4,5,7,3,5,4,5,4,7,15.16666667,0.5,0,0,0,0,0,0,0,0,0,1,1,1,1,1,1,0,1,28,0,1,4,22304,1
821,4,5,3,5,2,4,4,4,6,2,3,2,34.27777778,1.8,0,0,0,0,1,0,0,0,0,0,0,0,0,0,1,1,0,40,1,1,4,8043,2
822,3,3,4,4,3,2,3,1,6,3,6,2,45.125,0.5,0,0,0,1,0,0,0,0,0,0,1,0,0,1,0,1,1,35,1,1,3,8648,2
823,1,6,5,4,3,6,7,4,3,7,3,5,92.625,0.888888889,0,0,0,0,0,0,0,0,0,0,1,0,0,0,0,1,0,31,0,2,5,20152,1
824,3,1,6,2,5,3,3,1,3,4,4,3,32.2375,0.285714286,0,0,0,0,1,0,0,0,0,0,1,0,0,1,0,1,1,33,0,1,2,22311,2
825,3,7,3,3,3,4,3,3,5,6,3,3,40.64,2.333333333,1,0,0,0,0,0,0,0,0,0,1,1,0,1,1,1,0,46,1,2,3,21122,2
826,3,5,6,4,4,4,4,3,6,2,3,3,58.97608696,1.769230769,0,0,0,0,0,1,0,0,0,0,1,1,0,1,1,1,1,41,0,1,4,20176,2
827,4,1,5,1,4,3,4,2,1,4,2,3,29.25,1,0,0,0,0,0,0,0,0,1,0,1,0,0,1,0,1,1,38,1,1,3,22315,2
828,5,4,1,7,1,4,5,7,3,4,6,2,36.75,0.375,0,0,0,0,0,0,0,0,0,1,0,1,0,1,1,1,0,45,0,1,5,20850,3
829,4,5,6,3,4,6,3,5,4,5,7,7,40.5,2.666666667,0,0,0,0,0,0,0,0,0,1,1,1,0,1,0,0,0,26,1,1,5,8037,1
830,5,5,7,5,5,7,5,4,4,7,5,6,23.375,1.333333333,0,0,0,0,0,0,0,0,0,0,1,0,0,1,0,1,1,25,1,2,4,21048,1
831,4,4,3,4,3,4,3,4,6,6,2,4,45,0.125,0,0,0,0,0,1,0,0,0,0,1,1,0,1,1,1,1,35,0,1,3,21210,2
832,4,2,2,6,2,4,5,6,4,4,5,3,22.23529412,1.888888889,0,0,0,0,0,0,0,0,0,1,0,1,0,1,1,0,1,30,1,1,3,23233,3
833,6,5,7,3,6,5,5,3,6,6,4,4,17.871875,4,0,0,0,1,0,0,0,0,0,0,0,0,1,0,0,1,0,25,0,1,4,21144,1
834,4,1,5,5,4,5,2,4,3,5,4,6,65.176,1.041666667,0,0,0,0,0,0,0,0,0,0,1,1,1,1,1,0,1,29,1,1,5,22192,1
835,2,4,1,5,1,4,3,6,2,2,6,1,40.57142857,0.777777778,0,0,0,0,0,0,0,0,0,1,0,1,0,1,1,0,1,41,0,1,3,20874,3
836,4,5,4,5,3,3,4,4,5,6,6,3,22.66944444,2.842105263,1,0,0,0,0,0,0,0,0,0,1,0,0,1,1,1,1,41,0,2,3,18940,1
837,4,5,7,5,5,7,5,4,3,7,6,6,18.8625,0.148148148,0,0,0,0,0,0,0,0,0,0,1,0,0,0,0,1,0,30,1,2,3,21210,1
838,4,6,3,5,2,3,3,4,6,5,5,3,44,0.125,0,0,0,0,0,1,0,0,0,0,0,1,0,0,1,1,1,41,1,1,3,20872,3
839,4,6,2,5,2,4,3,3,6,4,4,2,31.07692308,1.083333333,0,0,0,0,0,0,0,0,0,1,1,0,0,1,1,1,1,40,1,1,3,18940,3
840,3,6,3,4,2,4,3,4,5,6,2,3,37.83333333,0.230769231,0,0,0,0,0,0,0,0,0,1,1,0,0,1,0,1,1,37,0,1,3,22401,3
841,6,7,2,7,2,4,5,6,3,5,6,3,17.77272727,0.647058824,0,0,0,0,0,0,0,0,0,1,0,1,0,0,0,1,0,44,0,1,5,20148,3
842,4,6,4,5,3,3,4,3,3,5,4,4,12.375,0.222222222,0,0,0,0,0,0,0,0,0,1,1,0,0,1,0,1,1,37,0,1,3,20151,3
843,3,5,4,5,5,7,3,5,6,5,6,7,25,0.25,0,0,0,0,0,0,0,0,0,0,1,0,0,1,0,0,1,25,1,1,5,8527,1
844,5,6,5,5,4,6,5,4,3,4,6,4,22.03333333,0.714285714,0,0,0,0,0,0,0,0,0,0,1,0,0,0,0,1,0,29,0,2,3,21136,1
845,4,4,5,5,4,6,2,6,5,5,6,6,50.66666667,0.75,0,0,0,0,0,0,0,1,0,0,1,0,1,1,0,1,1,27,1,1,2,21044,1
846,4,3,5,3,4,6,2,6,3,5,4,7,29.96666667,0.714285714,0,0,0,0,0,0,0,1,0,0,0,1,1,1,0,1,1,25,1,1,1,21208,1
847,4,4,3,4,3,2,3,2,1,3,4,2,7.239130435,5.75,0,0,0,0,0,1,0,0,0,0,1,1,0,1,1,1,1,44,0,1,3,8016,2
848,4,6,4,4,3,4,3,5,1,7,4,4,16.75,0.615384615,0,0,0,0,0,0,0,0,0,1,0,1,0,1,1,0,1,38,0,1,5,21117,1
849,3,4,3,4,3,3,3,4,5,2,6,2,17.73333333,1.428571429,0,0,0,0,0,0,0,0,0,1,0,0,0,0,0,1,0,40,1,2,3,21014,2
850,6,5,6,5,4,5,5,4,3,7,1,6,19.66666667,0.142857143,0,0,0,0,0,0,0,0,0,0,1,0,0,1,1,0,1,25,1,2,3,8003,1
851,2,5,1,7,1,4,3,7,2,1,3,1,49.66666667,0.166666667,0,0,0,0,0,0,0,0,0,1,0,1,0,0,0,1,0,42,0,1,3,8757,3
852,5,4,5,1,4,2,3,1,3,4,4,3,14.75,0.571428571,0,0,0,0,0,0,0,0,0,1,1,1,1,0,1,1,0,42,0,1,4,8406,2
853,4,3,4,4,4,6,2,4,2,5,4,7,20.41556886,6.423076923,0,0,0,0,0,0,0,1,0,0,1,1,1,1,1,1,1,26,1,1,2,23113,1
854,5,2,2,6,2,1,3,2,2,2,6,1,31.95892857,0.903225807,0,0,0,0,0,0,0,0,0,1,0,0,0,0,0,1,0,39,0,2,3,22308,2
855,5,6,4,4,3,4,5,4,3,7,4,6,25.4,0.294117647,0,0,0,0,0,0,0,0,0,0,1,0,0,0,0,1,0,36,0,2,3,21234,1
856,4,7,3,2,3,2,3,1,2,3,4,3,19.91666667,0.25,0,1,0,0,0,0,0,0,0,0,0,0,0,0,0,1,0,42,0,2,3,20815,2
857,4,7,4,5,3,4,4,5,1,7,3,4,17.42307692,1.857142857,0,0,0,0,0,0,0,0,0,1,0,1,0,0,0,1,0,40,0,1,5,8221,1
858,2,4,4,1,3,3,3,2,4,2,4,4,22,0.1,0,0,0,0,1,0,0,0,0,0,1,1,1,1,1,1,1,34,0,1,3,20815,2
859,5,4,2,6,2,3,5,5,2,1,4,1,39.156,1,0,0,0,0,0,0,0,0,0,1,0,1,0,1,1,1,1,41,1,1,5,22003,3
860,5,5,6,4,4,4,5,4,6,4,4,5,20.38,0.208333333,0,0,0,0,0,1,0,0,0,0,1,1,1,1,1,0,1,24,0,1,2,20817,1
861,4,2,7,4,5,4,4,3,3,3,4,4,11.8,0.227272727,0,0,0,0,0,0,0,0,1,0,0,0,0,0,0,1,0,33,0,1,3,8055,2
862,2,7,4,4,3,5,3,6,3,3,5,3,69,0.2,0,0,0,0,0,0,0,0,0,1,0,1,0,0,0,1,0,41,1,2,5,8053,3
863,5,6,6,5,4,4,5,4,6,4,1,4,22.53269231,1.733333333,0,0,0,0,0,1,0,0,0,0,0,0,1,0,0,1,0,24,1,1,2,20007,1
864,1,5,3,1,3,3,3,3,5,2,3,3,46.16666667,0.142857143,0,0,0,0,1,0,0,0,0,0,1,1,0,1,1,1,1,39,0,1,4,22310,2
865,5,1,4,3,4,2,3,1,3,4,7,4,35.33333333,1.5,0,1,0,0,0,0,0,0,0,0,0,0,0,0,0,1,0,35,1,2,4,18901,2
866,4,7,4,5,3,5,4,4,3,6,3,5,33.375,0.210526316,0,0,0,0,0,0,0,0,0,0,1,0,0,1,1,0,1,27,1,2,5,21234,1
867,3,6,3,3,3,3,3,4,3,2,4,3,20.5,2,0,1,0,0,0,0,0,0,0,0,1,1,0,0,1,1,0,43,0,2,4,8721,2
868,4,7,2,6,2,4,5,6,2,5,4,3,35.12587413,7.15,0,0,0,0,0,0,0,0,0,1,0,1,0,0,0,1,0,39,0,1,4,22030,3
869,4,5,6,5,4,6,3,5,3,5,5,6,279,0.142857143,0,0,0,0,0,0,0,1,0,0,1,1,1,1,1,0,1,29,1,1,5,20895,1
870,5,3,6,2,5,4,5,3,5,5,4,5,22.66666667,0.166666667,0,0,0,0,0,0,0,0,0,1,1,1,1,1,1,1,1,24,1,1,2,22206,1
871,3,5,4,5,3,5,5,7,3,5,4,6,49.27435897,1.95,0,0,0,0,0,0,0,1,0,0,1,1,1,1,1,0,0,28,1,1,5,21075,1
872,3,4,5,4,3,6,5,7,4,5,4,6,44.54545455,1.1,0,0,0,0,0,0,0,1,0,0,1,1,1,1,0,0,1,30,1,1,2,23229,1
873,4,4,4,4,3,6,2,6,2,6,6,6,24.23625,1.6,0,0,0,0,0,0,0,1,0,0,1,1,1,1,0,0,1,27,1,1,5,20707,1
874,4,4,5,4,3,6,3,6,3,5,4,6,39,0.25,0,0,0,0,0,0,0,1,0,0,1,1,1,1,1,0,0,29,1,2,5,22630,1
875,4,4,6,3,4,5,3,3,2,5,6,6,27.80178571,3.111111111,0,0,0,0,0,0,0,1,0,0,1,1,1,1,0,0,1,28,1,1,5,23113,1
876,4,6,6,5,4,6,5,4,3,5,3,4,50.5,2,0,0,0,0,0,0,0,0,0,0,1,0,0,0,0,1,0,35,0,2,4,18966,1
877,4,3,5,1,4,3,4,1,5,4,3,3,24,2,0,0,0,1,0,0,0,0,0,0,1,0,0,1,0,1,1,33,0,1,4,21146,2
878,6,4,2,3,2,2,3,4,5,5,4,4,24.95,1,0,0,0,0,0,0,0,0,0,1,1,1,0,1,1,1,1,42,1,1,3,21144,2
879,3,4,4,5,4,3,3,3,3,3,3,2,53.4,0.714285714,0,0,0,0,0,1,0,0,0,0,1,1,0,1,1,1,1,41,0,1,3,21228,2
880,3,3,5,3,4,4,4,3,3,2,7,3,22.53552632,1.9,0,0,0,0,1,0,0,0,0,0,1,1,0,1,1,1,1,38,0,1,3,22152,2
881,5,6,7,4,5,7,5,4,4,7,3,6,19.34285714,1.555555556,0,0,0,0,0,0,0,0,0,0,1,0,0,0,0,1,0,25,1,2,3,22315,1
882,5,5,3,5,3,2,3,4,3,4,2,3,25.16666667,0.272727273,0,0,1,0,0,0,0,0,0,0,1,1,0,1,1,1,1,40,0,1,3,21234,3
883,4,4,2,4,2,4,4,5,2,4,4,3,92.33333333,0.6,0,0,0,0,0,0,0,0,0,1,0,1,0,0,1,1,0,37,0,1,3,23229,3
884,4,4,7,4,5,3,3,3,3,3,6,3,54.25,0.285714286,0,0,0,0,0,0,0,0,0,0,0,0,0,0,0,1,0,38,1,2,3,8096,2
885,5,5,3,4,3,4,5,4,3,6,4,4,24.88076923,0.8125,0,0,0,0,0,0,0,0,0,0,1,1,0,1,1,1,1,35,0,2,4,20770,1
886,3,6,2,4,2,3,4,5,3,4,6,2,32.14285714,1.4,0,0,0,0,0,0,0,0,0,1,0,1,0,1,1,1,1,37,1,2,5,22911,3
887,4,6,4,5,3,5,5,4,3,5,4,4,20.99230769,0.52,0,0,0,0,0,0,0,0,0,0,1,0,0,0,1,1,1,31,0,2,3,21114,1
888,4,7,2,1,2,1,3,2,1,3,5,3,139,0.066666667,0,0,0,0,0,0,0,0,1,0,0,0,0,0,0,1,0,39,0,1,3,19136,2
889,5,6,4,3,3,4,3,3,3,5,4,3,49.5,0.05,0,0,0,0,0,0,0,0,1,0,1,1,0,1,1,1,1,35,0,1,3,20910,2
890,4,5,3,6,2,3,7,4,3,4,4,2,38.55384615,2.166666667,0,0,0,0,0,0,0,0,0,1,0,1,0,1,1,1,1,39,1,1,2,20187,3
891,4,4,5,4,4,5,5,4,5,5,4,6,34.80810811,1.608695652,0,0,0,0,0,0,0,1,0,0,1,1,0,1,0,0,0,25,1,1,5,22901,1
892,4,3,1,7,2,4,7,6,4,4,3,1,51.33333333,1.5,0,0,0,0,0,0,0,0,0,1,0,1,0,1,0,1,0,40,1,1,3,19010,3
893,3,6,4,2,3,4,3,4,2,2,6,3,33.35185185,2.7,0,0,1,0,0,0,0,0,0,0,0,1,0,0,0,1,0,42,1,1,3,8085,2
894,4,4,7,4,5,6,6,4,3,7,5,6,51.3,0.3125,0,0,0,0,0,0,0,0,0,0,1,0,0,1,1,1,1,32,1,2,5,8691,1
895,3,5,6,5,4,5,6,5,3,5,4,5,18.89473684,2.375,0,0,0,0,0,0,0,0,0,0,0,1,0,0,0,1,0,38,0,2,5,21209,1
896,5,1,5,5,4,3,3,1,1,4,6,3,24.08461539,3.058823529,0,0,0,0,0,0,0,1,0,0,1,0,0,1,0,1,1,38,1,1,3,22151,2
897,3,4,7,3,5,6,6,5,3,7,4,6,39,1,0,0,0,0,0,0,0,0,0,0,0,0,0,0,0,1,0,31,0,2,4,23233,1
898,3,1,3,6,3,3,3,3,3,2,7,2,31.01086957,0.793103448,0,0,1,0,0,0,0,0,0,0,1,1,0,0,1,1,0,42,1,1,3,20895,2
899,7,7,5,5,4,5,7,5,3,7,6,5,29.5,1,0,0,0,0,0,0,0,0,0,0,0,0,0,0,0,1,0,35,0,2,5,20782,1
900,5,3,4,6,4,7,2,5,6,5,5,6,65,1,0,0,0,0,0,0,0,1,0,0,1,1,1,1,1,0,1,28,1,1,5,20854,1
901,5,1,3,7,2,4,7,6,4,5,6,3,39.9,2.25,0,0,0,0,0,0,0,0,0,1,0,1,1,1,1,1,1,38,1,1,4,22041,3
902,4,5,3,5,3,5,6,5,3,5,7,4,21.76111111,0.428571429,0,0,0,0,0,0,0,0,0,0,1,1,0,1,1,1,1,33,0,2,3,22312,3
903,7,6,6,5,4,5,7,5,3,7,6,6,24.91444444,4.736842105,0,0,0,0,0,0,0,0,0,0,1,1,0,1,1,0,1,33,1,2,4,22302,1
904,4,6,5,4,3,5,5,5,3,6,4,5,23.90945946,1.608695652,0,0,0,0,0,0,0,0,0,0,1,1,0,1,1,0,1,29,1,2,5,19067,1
905,5,3,5,3,3,5,3,4,2,5,7,6,54.1,0.5,0,0,0,0,0,0,0,1,0,0,1,1,1,1,0,0,0,27,1,1,5,20170,1
906,6,7,5,5,4,5,7,5,3,7,6,5,14.66666667,0.2,0,0,0,0,0,0,0,0,0,0,1,0,0,1,0,1,1,26,0,2,3,8226,1
907,2,6,2,1,4,4,1,4,5,3,3,7,33.9,0.384615385,0,0,0,0,0,0,0,1,0,0,1,1,1,1,1,0,1,25,1,1,5,8091,2
908,1,2,7,7,7,2,7,3,3,5,3,1,19.88974359,1.695652174,0,0,0,0,0,0,0,1,0,0,1,1,1,1,0,0,1,25,1,1,4,22308,2
909,2,1,5,7,6,2,4,4,3,4,2,7,24,0.2,0,0,0,0,0,0,0,1,0,0,1,0,0,1,1,1,1,27,1,1,5,8360,2
910,4,1,2,7,3,1,7,3,4,6,4,6,10.5,0.6,0,0,1,0,0,0,0,0,0,0,1,1,0,1,1,1,1,39,0,2,3,22031,3
911,7,7,1,1,3,5,3,3,3,7,4,6,93.14375,1.263157895,0,0,0,0,0,0,0,1,0,0,0,0,1,0,0,1,0,29,1,1,4,20817,1
912,1,5,3,1,7,3,4,6,3,4,5,2,23.83333333,0.6,0,0,0,0,0,0,0,1,0,0,1,0,1,1,0,1,0,25,1,2,5,21212,2
913,5,2,7,1,2,2,6,5,1,1,7,4,29.5,0.055555556,0,0,0,0,0,0,0,0,0,0,0,0,0,0,0,1,0,25,0,2,3,22191,2
914,6,7,7,7,5,4,4,5,4,5,3,2,22.75,1,0,0,0,0,0,0,0,0,0,1,1,1,1,1,1,0,1,30,1,1,4,21701,1
915,4,5,5,5,2,7,1,6,1,3,2,1,85.6,0.138888889,0,0,0,0,0,0,0,0,0,0,1,1,0,1,1,1,1,36,0,2,3,21157,3
916,7,4,6,1,3,1,4,7,7,5,7,5,42.75,0.111111111,0,0,0,1,0,0,0,0,0,0,1,0,1,1,0,1,1,25,1,1,2,8225,1
917,5,7,5,7,7,5,4,5,3,5,5,5,33.915625,2.133333333,0,0,1,0,0,0,0,0,0,0,1,1,0,1,1,1,0,45,0,1,3,21784,1
918,2,5,1,3,4,6,1,7,1,6,3,7,59,0.5,0,0,0,0,0,0,0,1,0,0,0,1,1,1,0,1,1,30,1,1,5,20136,1
919,3,3,3,3,4,2,6,4,2,3,5,7,30.1875,1.272727273,0,0,0,0,0,0,0,0,0,1,0,1,1,1,1,1,1,38,1,1,2,19038,2
920,4,4,4,5,5,3,1,5,5,2,4,6,16.7,2.5,0,0,0,0,0,0,0,0,0,1,1,1,0,1,1,1,0,42,1,2,3,21784,2
921,2,7,2,2,7,4,5,1,6,6,3,7,32.52777778,0.75,0,1,0,0,0,0,0,0,0,0,1,0,0,1,0,1,1,39,0,2,2,20180,1
922,3,5,3,3,4,6,7,2,6,1,3,6,27,0.166666667,0,0,0,0,0,0,0,0,0,0,1,0,0,1,0,1,1,27,1,2,3,22027,2
923,5,5,6,1,1,2,1,7,4,2,5,3,69,0.142857143,0,0,0,0,0,0,0,0,0,1,0,1,1,0,0,1,0,44,0,1,3,8731,2
924,7,6,6,4,6,6,1,2,7,6,4,3,22.09404762,4.666666667,0,0,0,0,0,0,0,0,0,1,0,1,1,1,1,1,0,42,0,1,2,20852,1
925,1,5,2,4,3,3,7,7,7,5,7,4,49.51632653,1.884615385,0,1,0,0,0,0,0,0,0,0,0,0,0,0,0,1,0,39,0,2,2,21784,3
926,4,3,1,3,5,6,2,1,4,6,1,3,23.70833333,0.48,0,0,0,0,0,0,0,0,0,1,0,1,1,1,1,1,1,37,1,1,4,21401,2
927,4,7,5,4,4,1,4,6,5,2,2,6,47.015,1.052631579,0,0,0,0,0,0,0,0,0,1,0,0,0,0,0,1,0,35,0,1,4,21401,2
928,1,6,3,6,4,6,6,6,2,5,4,6,39,0.043478261,0,0,0,0,0,0,0,0,0,1,0,0,0,0,0,1,0,37,1,1,2,19147,1
929,6,3,3,2,5,5,6,5,3,2,5,7,32.12333333,2,0,0,0,1,0,0,0,0,0,0,0,1,1,0,1,1,1,25,0,1,4,22101,1
930,3,3,7,7,2,6,1,5,4,3,4,5,39.95,0.090909091,0,0,0,0,0,1,0,0,0,0,1,1,0,1,1,1,1,40,0,1,3,20147,1
931,5,7,2,2,5,2,5,5,3,7,2,6,32.37586207,1.115384615,0,0,0,0,0,0,0,0,0,1,0,0,0,0,0,1,0,46,0,1,3,21401,1
932,2,3,1,4,1,2,6,1,7,3,5,2,40.16666667,0.857142857,0,0,0,0,0,0,0,0,0,0,0,0,0,0,0,1,0,32,0,2,5,8081,2
933,4,1,5,3,1,5,3,7,1,2,4,7,36.35147059,4.857142857,0,0,0,0,0,0,0,0,0,1,0,0,0,0,1,1,0,39,0,1,3,21060,1
934,5,5,4,1,4,7,7,4,1,7,3,2,21.3,1.444444444,0,1,0,0,0,0,0,0,0,0,1,1,0,1,1,1,1,32,0,2,3,8094,1
935,3,5,5,7,5,1,6,3,5,1,1,3,9,0.625,0,0,0,0,0,0,0,0,0,1,1,1,0,0,0,1,0,46,0,2,2,8035,2
936,7,6,5,1,5,2,7,1,6,1,5,3,48.19230769,0.565217391,0,0,0,1,0,0,0,0,0,0,0,0,0,0,0,1,0,38,1,1,2,20176,2
937,6,6,3,6,1,1,5,4,5,6,1,7,19.17282609,2.421052632,0,0,0,0,0,0,0,0,0,1,0,1,0,1,1,1,1,35,0,2,5,8648,1
938,4,6,2,3,2,6,4,5,1,2,2,2,34.85714286,1,0,0,0,0,0,0,0,0,0,0,0,0,0,0,0,1,0,31,1,2,3,22304,3
939,6,6,1,6,6,6,4,5,6,5,7,5,70.33333333,0.652173913,0,0,0,0,0,0,0,1,0,0,1,1,1,1,0,1,0,26,1,1,2,8873,1
940,5,1,6,2,4,7,1,7,6,6,5,5,29.5,0.55,0,0,0,0,0,0,0,0,0,1,0,1,0,1,1,0,1,42,0,2,2,21771,1
941,7,5,1,4,3,5,3,6,3,5,1,4,18.225,0.2,0,0,0,0,0,0,0,1,0,0,0,1,0,0,1,1,1,39,0,1,4,21114,3
942,7,1,2,4,1,1,4,1,2,7,4,3,34.16666667,0.285714286,0,1,0,0,0,0,0,0,0,0,1,1,0,1,1,1,1,45,1,2,4,22193,2
943,1,1,2,6,3,6,7,4,1,5,3,2,29,0.625,0,0,0,0,0,0,0,0,1,0,1,1,0,1,0,1,0,44,0,1,4,8234,3
944,4,3,7,7,6,3,2,6,5,5,1,7,19.75,0.181818182,0,0,0,0,0,0,0,0,0,1,0,1,0,0,1,1,0,44,1,2,4,22630,1
945,4,7,3,5,7,3,7,5,5,5,4,2,38.22241379,2.071428571,0,0,0,0,0,0,0,0,0,0,1,1,0,1,1,1,1,35,1,2,5,19083,3
946,6,2,2,5,1,2,4,1,6,1,7,6,32.0484375,7.384615385,0,0,0,0,0,0,0,0,0,1,0,0,0,1,0,1,1,35,1,1,2,20814,2
947,6,3,3,4,7,2,1,7,3,5,6,7,31.56,0.714285714,0,1,0,0,0,0,0,0,0,0,0,0,0,0,1,1,0,40,0,1,4,8010,1
948,3,3,7,1,4,1,2,1,4,1,5,6,27.21818182,6.875,0,0,0,0,0,1,0,0,0,0,1,1,0,0,1,1,0,44,1,1,3,23233,2
949,4,6,1,5,3,5,4,4,7,5,6,1,34.92241379,3.222222222,0,0,0,0,0,0,0,0,1,0,0,0,0,0,0,1,0,45,1,1,2,8210,3
950,5,3,2,4,5,4,2,1,6,2,1,2,51.33333333,0.1875,0,0,0,0,0,0,0,0,0,1,0,0,0,0,0,1,0,40,0,2,5,21014,2
951,3,7,2,6,3,1,1,1,2,6,7,6,23.815,0.869565217,0,0,0,0,0,0,0,1,0,0,1,1,1,1,1,1,1,25,1,2,5,8033,2
952,5,5,1,1,6,5,3,3,7,4,6,7,24.65,0.125,0,0,0,0,0,0,0,0,0,1,0,0,0,0,1,1,0,39,0,1,4,21403,2
953,4,3,2,2,5,7,7,2,4,5,1,4,33.045,1.538461539,0,0,0,0,0,0,0,0,1,0,1,1,1,1,1,0,1,25,1,1,4,8053,1
954,3,1,6,4,7,3,4,6,7,1,1,7,29.23709677,4.96,0,0,0,0,0,0,0,0,1,0,0,1,0,1,0,0,0,25,1,1,5,22309,2
955,7,1,1,3,5,4,7,4,2,2,5,5,29.89592593,1.6875,0,0,1,0,0,0,0,0,0,0,1,1,0,1,1,1,1,39,0,2,4,20723,2
956,3,4,5,7,5,6,7,4,2,3,1,2,20.28444444,2.142857143,0,0,1,0,0,0,0,0,0,0,1,1,0,0,0,1,0,42,1,1,4,8034,3
957,6,2,5,6,1,7,6,2,7,2,4,4,37.07151899,2.548387097,0,0,0,0,0,0,0,0,1,0,1,0,0,1,0,0,1,27,1,2,5,22205,2
958,5,5,2,1,7,7,1,3,4,1,2,4,36.66666667,0.333333333,1,0,0,0,0,0,0,0,0,0,0,0,0,0,0,1,0,41,1,2,4,8046,2
959,6,2,1,1,2,7,7,5,5,7,7,1,24.33333333,0.3,0,0,0,0,0,0,0,0,0,1,0,0,0,0,0,1,0,37,0,2,4,20855,3
960,3,1,3,6,5,3,6,1,2,3,2,4,36,0.052631579,0,0,0,0,0,0,0,0,0,1,0,0,0,0,0,1,0,30,1,1,3,22407,2
961,2,4,3,1,6,5,2,3,5,2,2,4,28.10384615,3.25,0,0,1,0,0,0,0,0,0,0,0,0,0,0,0,1,0,38,0,1,3,22042,2
962,6,7,5,3,7,3,2,4,5,3,2,1,35.38095238,1.826086957,0,0,0,0,0,1,0,0,0,0,1,0,0,0,1,1,0,40,0,1,5,22901,2
963,5,4,1,6,7,2,2,2,5,7,4,3,32.39880952,4.666666667,0,0,0,0,1,0,0,0,0,0,1,0,0,1,0,1,1,39,0,1,2,18901,2
964,5,6,4,6,5,6,3,7,3,4,6,7,21.56694915,2.36,0,0,0,0,0,0,0,0,0,0,0,0,0,0,0,1,0,31,1,2,3,20148,1
965,2,1,1,2,3,7,7,5,6,1,6,3,45,0.111111111,0,0,0,1,0,0,0,0,0,0,1,0,1,1,0,1,1,39,1,1,3,20141,2
966,3,7,3,1,6,2,5,7,2,6,7,3,21.56428571,1.166666667,0,0,0,1,0,0,0,0,0,0,1,1,1,1,1,1,1,38,1,1,2,22015,1
967,5,7,3,6,7,3,6,2,5,6,1,1,43.25,0.4,0,0,0,0,0,0,0,0,1,0,1,0,1,1,1,0,0,31,1,2,1,20878,3
968,5,5,4,1,5,6,5,2,2,6,2,7,49.66666667,1.5,0,0,0,0,0,0,0,0,1,0,1,1,1,1,1,1,1,41,0,1,2,20120,1
969,3,6,1,2,3,3,5,6,5,1,2,7,28.54191177,3.090909091,0,0,0,1,0,0,0,0,0,0,0,0,1,1,0,1,1,25,1,1,4,21228,2
970,4,4,2,6,4,3,2,6,1,7,6,5,31.63947368,3.8,0,0,0,0,0,0,0,0,0,1,0,1,0,1,1,1,1,38,0,1,5,8527,3
971,6,4,6,5,2,3,1,5,1,3,7,6,155,0.055555556,0,0,0,0,0,0,0,0,0,1,0,0,0,0,1,1,1,37,1,1,4,20854,1
972,1,5,5,6,6,2,5,3,1,7,4,7,75,0.25,0,0,0,0,0,0,0,0,0,1,0,1,0,0,1,1,0,37,1,1,5,21702,1
973,3,4,2,6,6,5,7,5,5,5,5,6,14.66666667,0.272727273,0,0,0,0,0,0,0,0,0,1,0,0,0,1,1,1,1,39,0,2,2,20165,1
974,4,1,7,6,6,5,1,6,2,2,3,7,28.33333333,0.214285714,0,0,0,0,0,0,0,0,0,1,0,1,0,1,1,0,1,31,0,1,3,8534,1
975,3,1,3,4,2,4,2,3,7,7,5,7,31.16666667,0.142857143,0,0,0,0,1,0,0,0,0,0,1,1,1,0,1,1,1,31,1,1,4,20874,2
976,2,2,3,4,3,3,2,2,5,5,2,6,58,0.166666667,0,0,0,0,0,0,0,0,0,1,1,1,1,0,1,1,1,40,1,1,2,22033,2
977,7,4,5,5,7,7,4,5,6,7,5,5,27.33333333,0.230769231,0,0,0,0,0,0,0,0,0,0,1,0,0,0,1,1,0,31,0,2,5,21236,1
978,5,7,2,5,3,6,4,1,6,2,7,5,27.121875,0.941176471,0,0,0,0,0,0,0,1,0,0,1,0,0,0,0,1,0,33,1,1,2,8037,2
979,1,2,6,3,6,5,2,7,1,3,1,2,39,0.25,0,1,0,0,0,0,0,0,0,0,1,1,1,1,1,1,1,40,1,1,1,20171,2
980,5,6,4,1,7,5,1,1,7,5,3,2,32.88,4.583333333,0,0,0,0,0,0,0,0,0,0,1,0,0,0,0,1,0,26,1,2,4,22204,2
981,6,6,5,6,4,4,6,5,2,6,6,7,37.5275,2.666666667,0,0,1,0,0,0,0,0,0,0,1,1,1,1,1,1,0,46,0,1,2,8755,1
982,4,7,3,4,4,2,7,2,7,5,1,7,27.45178571,2,0,0,0,0,0,0,0,0,0,0,1,1,0,1,1,0,1,34,1,2,3,20136,1
983,5,2,6,4,2,2,2,4,7,5,6,6,17.67857143,1.555555556,0,0,0,0,0,0,1,0,0,0,1,0,0,0,0,1,0,44,0,2,2,8048,2
984,5,6,3,4,6,6,5,7,1,3,1,1,31.31666667,1,0,0,0,0,0,0,0,0,0,1,1,0,0,0,0,1,0,41,1,2,1,21012,3
985,7,3,2,1,3,4,1,4,1,3,4,6,18,0.117647059,0,0,0,0,0,0,0,0,1,0,0,1,1,1,0,0,0,25,1,1,5,21234,2
986,6,7,7,2,2,1,5,3,3,7,4,4,18.696875,1.523809524,0,0,0,0,0,0,0,0,0,0,1,0,0,0,0,1,0,33,1,2,4,21093,1
987,7,1,6,7,5,7,4,4,4,3,6,1,5.571428571,0.875,0,0,0,0,0,1,0,0,0,0,1,0,1,1,0,1,0,40,1,1,2,20171,1
988,1,4,7,7,4,7,7,6,4,6,1,5,41,0.545454546,0,0,0,0,0,0,0,1,0,0,1,0,1,0,0,1,0,25,0,1,4,20191,1
989,3,3,5,7,5,5,6,4,6,2,3,1,19.63145161,3.444444444,0,0,0,0,0,0,0,0,1,0,1,1,1,1,0,0,0,27,1,1,5,21042,2
990,5,3,6,1,1,1,1,4,2,7,6,7,36.16666667,0.272727273,0,0,0,0,0,0,0,0,1,0,1,1,1,1,0,0,0,29,1,2,5,22554,1
991,2,3,2,5,2,3,7,7,3,6,4,4,14.35357143,0.777777778,0,0,0,0,0,0,0,0,0,0,1,1,0,1,1,1,0,37,1,2,3,20901,3
992,2,7,2,2,1,7,4,7,1,4,3,1,31,0.1875,0,0,0,0,0,0,0,0,1,0,1,1,1,1,1,1,1,41,1,1,2,19010,3
993,4,5,3,7,1,1,4,2,2,4,7,4,69.4375,0.4,0,0,0,1,0,0,0,0,0,0,1,0,1,0,0,1,0,24,0,1,4,22191,3
994,7,4,4,7,1,3,1,6,1,1,3,2,59,0.333333333,0,0,0,0,0,0,0,0,1,0,1,1,0,1,1,0,1,25,1,2,5,21158,3
995,5,6,3,3,2,7,2,2,4,6,7,3,29.2375,4,0,0,0,0,0,0,0,0,1,0,1,1,1,1,1,0,1,30,1,2,5,8520,1
996,6,2,2,6,2,1,6,5,4,7,6,6,31.16666667,0.6,0,0,0,0,0,0,0,0,0,0,1,1,0,0,0,1,0,37,0,2,4,8620,1
997,5,2,3,4,1,4,5,1,2,1,7,2,16.97045455,1.222222222,0,0,0,0,0,0,0,0,0,0,0,0,0,1,1,1,1,36,0,1,5,8003,2
998,2,7,1,5,2,5,4,1,7,3,6,4,42.97,0.217391304,0,0,0,0,0,0,0,0,0,0,0,1,0,1,1,1,0,40,0,1,5,22201,2
999,2,1,4,3,3,2,3,7,3,1,3,2,28.02857143,1.076923077,0,0,0,0,0,0,0,0,1,0,1,0,0,0,0,1,0,39,0,1,1,22305,2
1000,6,2,1,3,6,4,4,7,6,3,7,2,49,0.2,0,0,0,0,0,0,0,0,0,0,1,1,0,1,1,0,1,29,1,1,3,21212,2
